Chegada,Status,Porto,Sentido,Quantidade
01/02/2025 00:01,AO LARGO,PORTO_DE_PARANAGUA,Exp,1
01/02/2025 10:42:00,GRANEIS DE ORIGEM VEGETAL,PORTO_DE_SANTOS,Exp,1
01/02/2025 14:00:00,GRANEIS DE ORIGEM VEGETAL,PORTO_DE_SANTOS,Exp,1
01/03/2025,LASH,PORTO_DE_SANTOS,Exp,1
01/03/2025 01:00:00,CONTEINERES,PORTO_DE_SANTOS,Imp/Exp,1
01/03/2025 03:00:00,CONTEINERES,PORTO_DE_SANTOS,Imp/Exp,1
01/03/2025 12:00,ESPERADOS,PORTO_DE_PARANAGUA,Imp,1
02/01/2025 17:30,ATRACADOS,PORTO_DE_PARANAGUA,Imp,1
02/02/2025 01:00,DESPACHADOS,PORTO_DE_PARANAGUA,Exp,1
02/02/2025 05:00,DESPACHADOS,PORTO_DE_PARANAGUA,Exp,1
02/02/2025 10:00,ATRACADOS,PORTO_DE_PARANAGUA,Exp,1
02/02/2025 14:12,ATRACADOS,PORTO_DE_PARANAGUA,Exp,1
02/02/2025 18:54:00,GRANEIS DE ORIGEM VEGETAL,PORTO_DE_SANTOS,Exp,1
02/03/2025,ROLL-IN-ROLL-OFF,PORTO_DE_SANTOS,Imp/Exp,1
02/03/2025 01:00:00,CONTEINERES,PORTO_DE_SANTOS,Imp/Exp,1
02/03/2025 07:00,ESPERADOS,PORTO_DE_PARANAGUA,Exp,1
02/03/2025 07:00:00,CONTEINERES,PORTO_DE_SANTOS,Imp/Exp,1
02/03/2025 13:00,ESPERADOS,PORTO_DE_PARANAGUA,Exp,1
02/03/2025 14:00:00,CONTEINERES,PORTO_DE_SANTOS,Imp/Exp,1
03/02/2025 05:36:00,GRANEIS DE ORIGEM VEGETAL,PORTO_DE_SANTOS,Exp,1
03/03/2025 06:00:00,LASH,PORTO_DE_SANTOS,Exp,1
03/03/2025 11:00:00,CONTEINERES,PORTO_DE_SANTOS,Imp/Exp; Imp/Exp,2
03/03/2025 12:00,ESPERADOS,PORTO_DE_PARANAGUA,Imp/Exp; Imp,2
03/03/2025 13:00,ESPERADOS,PORTO_DE_PARANAGUA,Imp; Imp,2
03/03/2025 20:00,ESPERADOS,PORTO_DE_PARANAGUA,Imp/Exp,1
04/01/2025 15:00:00,GRANEIS SOLIDOS - IMPORTACAO,PORTO_DE_SANTOS,Imp/Exp,1
04/02/2025 07:42:00,GRANEIS DE ORIGEM VEGETAL,PORTO_DE_SANTOS,Exp,1
04/02/2025 10:54:00,GRANEIS DE ORIGEM VEGETAL,PORTO_DE_SANTOS,Exp,1
04/02/2025 13:00,DESPACHADOS,PORTO_DE_PARANAGUA,Imp,1
04/02/2025 15:30:00,GRANEIS DE ORIGEM VEGETAL,PORTO_DE_SANTOS,Exp,1
04/03/2025 07:00,ESPERADOS,PORTO_DE_PARANAGUA,Imp,1
04/03/2025 08:00:00,CONTEINERES,PORTO_DE_SANTOS,Imp/Exp,1
04/03/2025 19:00,ESPERADOS,PORTO_DE_PARANAGUA,Imp,1
05/02/2025 00:30,PROGRAMADOS,PORTO_DE_PARANAGUA,Exp,1
05/02/2025 10:07,AO LARGO,PORTO_DE_PARANAGUA,Exp,1
05/03/2025 02:00:00,CONTEINERES,PORTO_DE_SANTOS,Imp/Exp,1
05/04/2025 02:00:00,CONTEINERES,PORTO_DE_SANTOS,Imp/Exp,1
06/01/2025 09:30:00,LIQUIDO A GRANEL,PORTO_DE_SANTOS,Imp,1
06/02/2025 00:29:00,SEM PRIORIDADE,PORTO_DE_SANTOS,Exp,1
06/02/2025 09:18,PROGRAMADOS,PORTO_DE_PARANAGUA,Exp,1
06/02/2025 15:18:00,LIQUIDO A GRANEL,PORTO_DE_SANTOS,Exp,1
06/02/2025 15:36,PROGRAMADOS,PORTO_DE_PARANAGUA,Exp,1
06/02/2025 22:30:00,GRANEIS DE ORIGEM VEGETAL,PORTO_DE_SANTOS,Exp,1
06/02/2025 22:45:00,GRANEIS DE ORIGEM VEGETAL,PORTO_DE_SANTOS,Exp,1
06/03/2025,ROLL-IN-ROLL-OFF,PORTO_DE_SANTOS,Exp,1
06/03/2025 02:00:00,CONTEINERES,PORTO_DE_SANTOS,Imp/Exp,1
06/03/2025 07:00:00,CONTEINERES,PORTO_DE_SANTOS,Imp/Exp,1
06/03/2025 08:00,ESPERADOS,PORTO_DE_PARANAGUA,Exp; Exp; Exp,3
06/03/2025 12:00,ESPERADOS,PORTO_DE_PARANAGUA,Imp/Exp,1
06/03/2025 20:00:00,CONTEINERES,PORTO_DE_SANTOS,Imp/Exp,1
06/04/2025 02:00:00,CONTEINERES,PORTO_DE_SANTOS,Imp/Exp,1
06/04/2025 18:00:00,CONTEINERES,PORTO_DE_SANTOS,Imp/Exp,1
07/02/2025 00:01,AO LARGO,PORTO_DE_PARANAGUA,Exp,1
07/02/2025 14:00,AO LARGO,PORTO_DE_PARANAGUA,Exp,1
07/02/2025 16:10:00,GRANEIS SOLIDOS - IMPORTACAO,PORTO_DE_SANTOS,Imp,1
07/03/2025 07:00,ESPERADOS,PORTO_DE_PARANAGUA,Imp/Exp,1
07/03/2025 08:00:00,CONTEINERES,PORTO_DE_SANTOS,Imp/Exp; Imp/Exp,2
07/03/2025 20:00,ESPERADOS,PORTO_DE_PARANAGUA,Imp,1
08/02/2025 08:01,ATRACADOS,PORTO_DE_PARANAGUA,Exp,1
08/02/2025 08:30,AO LARGO,PORTO_DE_PARANAGUA,Imp,1
08/02/2025 08:30:00,GRANEIS DE ORIGEM VEGETAL,PORTO_DE_SANTOS,Exp,1
08/02/2025 13:42:00,LIQUIDO A GRANEL,PORTO_DE_SANTOS,Imp,1
08/02/2025 19:00:00,GRANEIS DE ORIGEM VEGETAL,PORTO_DE_SANTOS,Exp,1
08/02/2026 06:00,ESPERADOS,PORTO_DE_PARANAGUA,Imp/Exp,1
08/03/2025 03:00:00,CONTEINERES,PORTO_DE_SANTOS,Imp/Exp,1
08/03/2025 06:30:00,CONTEINERES,PORTO_DE_SANTOS,Imp/Exp,1
08/03/2025 07:00:00,GRANEIS SOLIDOS - IMPORTACAO,PORTO_DE_SANTOS,Imp,1
08/03/2025 08:00:00,CONTEINERES,PORTO_DE_SANTOS,Imp/Exp,1
09/02/2025 00:01:00,GRANEIS DE ORIGEM VEGETAL,PORTO_DE_SANTOS,Exp; Exp,2
09/02/2025 07:30,ATRACADOS,PORTO_DE_PARANAGUA,Exp,1
09/02/2025 16:00,DESPACHADOS,PORTO_DE_PARANAGUA,Imp,1
09/03/2025 01:00:00,CONTEINERES,PORTO_DE_SANTOS,Exp,1
09/03/2025 02:00:00,CONTEINERES,PORTO_DE_SANTOS,Imp/Exp,1
09/03/2025 06:00:00,LASH,PORTO_DE_SANTOS,Exp,1
09/03/2025 14:00:00,CONTEINERES,PORTO_DE_SANTOS,Imp/Exp,1
10/02/2025 00:01,AO LARGO,PORTO_DE_PARANAGUA,Exp,1
10/02/2025 03:00,AO LARGO,PORTO_DE_PARANAGUA,Exp,1
10/02/2025 11:36,AO LARGO,PORTO_DE_PARANAGUA,Exp,1
10/02/2025 11:45:00,GRANEIS DE ORIGEM VEGETAL,PORTO_DE_SANTOS,Exp,1
10/02/2025 12:00,ESPERADOS,PORTO_DE_PARANAGUA,Exp,1
10/02/2025 13:30:00,GRANEIS DE ORIGEM VEGETAL,PORTO_DE_SANTOS,Exp,1
10/02/2025 14:00,AO LARGO,PORTO_DE_PARANAGUA,Exp,1
10/02/2025 18:00,AO LARGO,PORTO_DE_PARANAGUA,Exp,1
10/03/2025 07:00:00,CONTEINERES,PORTO_DE_SANTOS,Imp/Exp,1
10/03/2025 08:00,ESPERADOS,PORTO_DE_PARANAGUA,Imp,1
10/03/2025 12:00,ESPERADOS,PORTO_DE_PARANAGUA,Imp; Imp/Exp,2
10/04/2025 07:00,ESPERADOS,PORTO_DE_PARANAGUA,Imp/Exp,1
11/01/2025 15:16:00,GRANEIS SOLIDOS - IMPORTACAO,PORTO_DE_SANTOS,Imp,1
11/01/2025 22:12,ATRACADOS,PORTO_DE_PARANAGUA,Imp,1
11/02/2025 02:48,PROGRAMADOS,PORTO_DE_PARANAGUA,Imp,1
11/02/2025 04:18,AO LARGO,PORTO_DE_PARANAGUA,Exp,1
11/02/2025 08:25:00,CONTEINERES,PORTO_DE_SANTOS,Imp/Exp,1
11/02/2025 11:30:00,GRANEIS DE ORIGEM VEGETAL,PORTO_DE_SANTOS,Exp,1
11/02/2025 14:30,AO LARGO,PORTO_DE_PARANAGUA,Exp,1
11/02/2025 19:30,AO LARGO,PORTO_DE_PARANAGUA,Imp,1
11/02/2025 21:00:00,GRANEIS DE ORIGEM VEGETAL,PORTO_DE_SANTOS,Exp,1
11/03/2025 08:00:00,CONTEINERES,PORTO_DE_SANTOS,Imp/Exp,1
11/03/2025 12:00,ESPERADOS,PORTO_DE_PARANAGUA,Imp/Exp; Imp,2
12/02/2025 03:30,AO LARGO,PORTO_DE_PARANAGUA,Exp,1
12/02/2025 08:30:00,GRANEIS DE ORIGEM VEGETAL,PORTO_DE_SANTOS,Exp,1
12/02/2025 10:00:00,GRANEIS DE ORIGEM VEGETAL,PORTO_DE_SANTOS,Exp,1
12/02/2025 11:20:00,GRANEIS DE ORIGEM VEGETAL,PORTO_DE_SANTOS,Exp,1
12/02/2025 14:00:00,GRANEIS DE ORIGEM VEGETAL,PORTO_DE_SANTOS,Exp,1
12/02/2025 16:00,AO LARGO,PORTO_DE_PARANAGUA,Exp,1
12/02/2025 16:18:00,GRANEIS DE ORIGEM VEGETAL,PORTO_DE_SANTOS,Exp,1
12/02/2025 17:15,ATRACADOS,PORTO_DE_PARANAGUA,Exp,1
12/02/2025 22:15,DESPACHADOS,PORTO_DE_PARANAGUA,Imp,1
12/03/2025,ROLL-IN-ROLL-OFF,PORTO_DE_SANTOS,Exp; Exp,2
12/03/2025 02:00:00,CONTEINERES,PORTO_DE_SANTOS,Imp/Exp,1
13/02/2025 04:36:00,GRANEIS DE ORIGEM VEGETAL,PORTO_DE_SANTOS,Exp,1
13/02/2025 11:42:00,GRANEIS DE ORIGEM VEGETAL,PORTO_DE_SANTOS,Exp,1
13/02/2025 22:30,DESPACHADOS,PORTO_DE_PARANAGUA,Imp,1
13/03/2025 12:00,ESPERADOS,PORTO_DE_PARANAGUA,Imp/Exp,1
13/12/2024 23:30,DESPACHADOS,PORTO_DE_PARANAGUA,Imp; Imp,2
14/01/2025 04:54,ATRACADOS,PORTO_DE_PARANAGUA,Imp,1
14/01/2025 16:00,AO LARGO,PORTO_DE_PARANAGUA,Imp; Imp,2
14/02/2025 00:00,DESPACHADOS,PORTO_DE_PARANAGUA,Imp/Exp,1
14/02/2025 02:30:00,LIQUIDO A GRANEL,PORTO_DE_SANTOS,Imp,1
14/02/2025 03:36,DESPACHADOS,PORTO_DE_PARANAGUA,Imp/Exp,1
14/02/2025 09:30,DESPACHADOS,PORTO_DE_PARANAGUA,Imp/Exp,1
14/02/2025 09:42,DESPACHADOS,PORTO_DE_PARANAGUA,Imp/Exp,1
14/02/2025 11:30:00,GRANEIS DE ORIGEM VEGETAL,PORTO_DE_SANTOS,Exp,1
14/02/2025 12:30,DESPACHADOS,PORTO_DE_PARANAGUA,Imp/Exp,1
14/02/2025 14:20:00,GRANEIS DE ORIGEM VEGETAL,PORTO_DE_SANTOS,Exp,1
14/02/2025 15:45,DESPACHADOS,PORTO_DE_PARANAGUA,Imp/Exp,1
14/02/2025 18:30:00,GRANEIS DE ORIGEM VEGETAL,PORTO_DE_SANTOS,Exp,1
14/02/2025 23:30:00,GRANEIS DE ORIGEM VEGETAL,PORTO_DE_SANTOS,Exp,1
14/03/2025 08:00:00,CONTEINERES,PORTO_DE_SANTOS,Exp; Imp/Exp,2
14/03/2025 16:00:00,CONTEINERES,PORTO_DE_SANTOS,Imp/Exp,1
15/02/2025 01:48,AO LARGO,PORTO_DE_PARANAGUA,Exp,1
15/02/2025 02:06,ATRACADOS,PORTO_DE_PARANAGUA,Imp,1
15/02/2025 06:00,ATRACADOS,PORTO_DE_PARANAGUA,Imp/Exp,1
15/02/2025 07:00,AO LARGO,PORTO_DE_PARANAGUA,Exp,1
15/02/2025 08:00,ESPERADOS,PORTO_DE_PARANAGUA,Imp,1
15/02/2025 08:00:00,GRANEIS DE ORIGEM VEGETAL,PORTO_DE_SANTOS,Exp,1
15/02/2025 09:30,ATRACADOS,PORTO_DE_PARANAGUA,Imp/Exp,1
15/02/2025 15:30:00,LIQUIDO A GRANEL,PORTO_DE_SANTOS,Exp,1
15/02/2025 16:00,ATRACADOS,PORTO_DE_PARANAGUA,Imp/Exp,1
15/02/2025 16:06,DESPACHADOS,PORTO_DE_PARANAGUA,Imp/Exp,1
15/02/2025 17:10,AO LARGO,PORTO_DE_PARANAGUA,Imp; Imp,2
15/02/2025 17:30,DESPACHADOS,PORTO_DE_PARANAGUA,Imp/Exp,1
15/02/2025 18:30:00,CONTEINERES,PORTO_DE_SANTOS,Imp/Exp,1
15/02/2025 19:42:00,PRIORIDADE C3,PORTO_DE_SANTOS,Exp,1
15/02/2025 20:00,AO LARGO,PORTO_DE_PARANAGUA,Exp,1
15/02/2025 22:18:00,GRANEIS DE ORIGEM VEGETAL,PORTO_DE_SANTOS,Exp,1
15/02/2025 23:00:00,GRANEIS SOLIDOS - EXPORTACAO,PORTO_DE_SANTOS,Exp,1
15/03/2025 03:00:00,CONTEINERES,PORTO_DE_SANTOS,Imp/Exp,1
15/03/2025 06:00:00,LASH,PORTO_DE_SANTOS,Exp,1
15/03/2025 08:00:00,CONTEINERES,PORTO_DE_SANTOS,Imp/Exp,1
15/03/2025 19:44,ESPERADOS,PORTO_DE_PARANAGUA,Imp,1
16/01/2025 14:42,AO LARGO PARA REATRACAÇÃO,PORTO_DE_PARANAGUA,Imp,1
16/02/2025 00:01,AO LARGO,PORTO_DE_PARANAGUA,Exp,1
16/02/2025 00:24:00,GRANEIS DE ORIGEM VEGETAL,PORTO_DE_SANTOS,Exp,1
16/02/2025 00:30,AO LARGO,PORTO_DE_PARANAGUA,Imp,1
16/02/2025 03:00:00,LIQUIDO A GRANEL,PORTO_DE_SANTOS,Exp,1
16/02/2025 04:24,DESPACHADOS,PORTO_DE_PARANAGUA,Exp,1
16/02/2025 05:42,PROGRAMADOS,PORTO_DE_PARANAGUA,Imp/Exp,1
16/02/2025 07:00,AO LARGO,PORTO_DE_PARANAGUA,Exp,1
16/02/2025 07:00,ESPERADOS,PORTO_DE_PARANAGUA,Imp/Exp,1
16/02/2025 08:00,DESPACHADOS,PORTO_DE_PARANAGUA,Exp,1
16/02/2025 09:00:00,LIQUIDO A GRANEL,PORTO_DE_SANTOS,Exp,1
16/02/2025 12:00,ATRACADOS,PORTO_DE_PARANAGUA,Imp,1
16/02/2025 12:50:00,GRANEIS SOLIDOS - IMPORTACAO,PORTO_DE_SANTOS,Imp,1
16/02/2025 14:15:00,GRANEIS DE ORIGEM VEGETAL,PORTO_DE_SANTOS,Exp,1
16/02/2025 15:00,AO LARGO,PORTO_DE_PARANAGUA,Imp,1
16/02/2025 15:12:00,CONTEINERES,PORTO_DE_SANTOS,Imp/Exp,1
16/02/2025 18:10:00,CONTEINERES,PORTO_DE_SANTOS,Imp/Exp,1
16/02/2025 18:18:00,CONTEINERES,PORTO_DE_SANTOS,Imp/Exp,1
16/02/2025 19:42:00,GRANEIS SOLIDOS - EXPORTACAO,PORTO_DE_SANTOS,Exp,1
16/02/2025 22:18,ATRACADOS,PORTO_DE_PARANAGUA,Exp,1
16/03/2025 02:00:00,CONTEINERES,PORTO_DE_SANTOS,Imp/Exp,1
16/03/2025 12:00,ESPERADOS,PORTO_DE_PARANAGUA,Imp/Exp,1
16/03/2025 18:00:00,CONTEINERES,PORTO_DE_SANTOS,Imp/Exp,1
17/01/2025 05:48:00,PRIORIDADE C5,PORTO_DE_SANTOS,Exp,1
17/02/2025,CABOTAGEM,PORTO_DE_SANTOS,Exp; Exp,2
17/02/2025,CONTEINERES,PORTO_DE_SANTOS,Imp/Exp; Imp/Exp; Imp/Exp; Imp/Exp; Imp/Exp; Imp/Exp; Imp/Exp; Imp/Exp; Imp/Exp; Imp/Exp; Imp/Exp; Imp/Exp; Imp/Exp; Imp/Exp; Imp/Exp; Imp/Exp; Imp/Exp; Imp/Exp; Imp/Exp; Imp/Exp; Imp/Exp; Imp/Exp; Imp/Exp; Imp/Exp,24
17/02/2025,GRANEIS DE ORIGEM VEGETAL,PORTO_DE_SANTOS,Exp; Exp; Exp; Exp; Exp,5
17/02/2025,GRANEIS SOLIDOS - IMPORTACAO,PORTO_DE_SANTOS,Imp,1
17/02/2025,LASH,PORTO_DE_SANTOS,Exp; Exp; Exp; Exp; Exp; Exp; Exp; Exp; Exp; Exp; Exp; Exp; Exp; Exp,14
17/02/2025,LIQUIDO A GRANEL,PORTO_DE_SANTOS,Exp; Exp; Exp; Exp; Exp; Exp; Exp; Exp; Exp; Exp; Exp,11
17/02/2025,PRIORIDADE C5,PORTO_DE_SANTOS,Exp; Exp; Exp; Exp; Exp,5
17/02/2025,SEM PRIORIDADE,PORTO_DE_SANTOS,Exp; Exp; Exp; Exp; Exp; Imp/Exp; Exp; Exp; Exp; Exp; Exp; Exp; Exp,13
17/02/2025 00:00,ESPERADOS,PORTO_DE_PARANAGUA,Imp/Exp,1
17/02/2025 00:01,AO LARGO,PORTO_DE_PARANAGUA,Exp; Exp,2
17/02/2025 00:10,AO LARGO,PORTO_DE_PARANAGUA,Imp; Imp,2
17/02/2025 00:24:00,GRANEIS DE ORIGEM VEGETAL,PORTO_DE_SANTOS,Exp,1
17/02/2025 02:12:00,ROLL-IN-ROLL-OFF,PORTO_DE_SANTOS,Imp/Exp,1
17/02/2025 02:24:00,ROLL-IN-ROLL-OFF,PORTO_DE_SANTOS,Exp,1
17/02/2025 02:42:00,ROLL-IN-ROLL-OFF,PORTO_DE_SANTOS,Imp/Exp,1
17/02/2025 04:00:00,LIQUIDO A GRANEL,PORTO_DE_SANTOS,Exp,1
17/02/2025 06:00:00,SEM PRIORIDADE,PORTO_DE_SANTOS,Exp,1
17/02/2025 07:00:00,CONTEINERES,PORTO_DE_SANTOS,Imp/Exp,1
17/02/2025 07:00:00,GRANEIS SOLIDOS - EXPORTACAO,PORTO_DE_SANTOS,Exp,1
17/02/2025 09:00:00,CONTEINERES,PORTO_DE_SANTOS,Exp,1
17/02/2025 10:00:00,CONTEINERES,PORTO_DE_SANTOS,Imp/Exp; Imp/Exp,2
17/02/2025 10:42:00,CONTEINERES,PORTO_DE_SANTOS,Imp/Exp,1
17/02/2025 11:00:00,CONTEINERES,PORTO_DE_SANTOS,Imp/Exp,1
17/02/2025 11:15:00,GRANEIS DE ORIGEM VEGETAL,PORTO_DE_SANTOS,Exp,1
17/02/2025 12:00,ESPERADOS,PORTO_DE_PARANAGUA,Exp,1
17/02/2025 12:00:00,CONTEINERES,PORTO_DE_SANTOS,Imp/Exp,1
17/02/2025 13:30,PROGRAMADOS,PORTO_DE_PARANAGUA,Imp,1
17/02/2025 14:00:00,GRANEIS DE ORIGEM VEGETAL,PORTO_DE_SANTOS,Exp,1
17/02/2025 15:00:00,GRANEIS DE ORIGEM VEGETAL,PORTO_DE_SANTOS,Exp,1
17/02/2025 15:00:00,GRANEIS SOLIDOS - IMPORTACAO,PORTO_DE_SANTOS,Imp,1
17/02/2025 16:00:00,LIQUIDO A GRANEL,PORTO_DE_SANTOS,Imp,1
17/02/2025 22:00:00,CONTEINERES,PORTO_DE_SANTOS,Imp/Exp,1
17/03/2025 13:00:00,CONTEINERES,PORTO_DE_SANTOS,Imp/Exp; Imp/Exp,2
17/03/2025 17:00:00,CONTEINERES,PORTO_DE_SANTOS,Imp/Exp,1
18/01/2025 09:00,ATRACADOS,PORTO_DE_PARANAGUA,Imp; Imp,2
18/02/2025,CONTEINERES,PORTO_DE_SANTOS,Imp/Exp,1
18/02/2025,GRANEIS SOLIDOS - IMPORTACAO,PORTO_DE_SANTOS,Imp,1
18/02/2025,LIQUIDO A GRANEL,PORTO_DE_SANTOS,Imp,1
18/02/2025 01:00:00,ROLL-IN-ROLL-OFF,PORTO_DE_SANTOS,Exp,1
18/02/2025 05:00:00,GRANEIS SOLIDOS - IMPORTACAO,PORTO_DE_SANTOS,Imp,1
18/02/2025 05:00:00,LIQUIDO A GRANEL,PORTO_DE_SANTOS,Imp,1
18/02/2025 06:00:00,SEM PRIORIDADE,PORTO_DE_SANTOS,Exp,1
18/02/2025 07:00,ESPERADOS,PORTO_DE_PARANAGUA,Imp; Imp/Exp; Imp,3
18/02/2025 08:00:00,CONTEINERES,PORTO_DE_SANTOS,Imp/Exp,1
18/02/2025 09:00,ESPERADOS,PORTO_DE_PARANAGUA,Imp/Exp,1
18/02/2025 10:00:00,CONTEINERES,PORTO_DE_SANTOS,Exp,1
18/02/2025 10:00:00,GRANEIS DE ORIGEM VEGETAL,PORTO_DE_SANTOS,Exp; Exp,2
18/02/2025 10:00:00,GRANEIS SOLIDOS - IMPORTACAO,PORTO_DE_SANTOS,Imp,1
18/02/2025 12:00,ESPERADOS,PORTO_DE_PARANAGUA,Imp; Imp/Exp,2
18/02/2025 12:00:00,CONTEINERES,PORTO_DE_SANTOS,Imp/Exp,1
18/02/2025 13:00:00,CONTEINERES,PORTO_DE_SANTOS,Imp/Exp,1
18/02/2025 13:00:00,LIQUIDO A GRANEL,PORTO_DE_SANTOS,Imp,1
18/02/2025 15:00,ESPERADOS,PORTO_DE_PARANAGUA,Imp/Exp,1
18/02/2025 19:00,ESPERADOS,PORTO_DE_PARANAGUA,Exp,1
18/02/2025 21:00,ESPERADOS,PORTO_DE_PARANAGUA,Imp/Exp,1
18/03/2025 08:00:00,CONTEINERES,PORTO_DE_SANTOS,Imp/Exp,1
19/01/2025 06:00,ATRACADOS,PORTO_DE_PARANAGUA,Imp,1
19/01/2025 19:00:00,GRANEIS SOLIDOS - IMPORTACAO,PORTO_DE_SANTOS,Imp,1
19/02/2025,ROLL-IN-ROLL-OFF,PORTO_DE_SANTOS,Imp/Exp; Imp/Exp,2
19/02/2025 02:00,ESPERADOS,PORTO_DE_PARANAGUA,Imp/Exp,1
19/02/2025 02:00:00,CONTEINERES,PORTO_DE_SANTOS,Imp/Exp,1
19/02/2025 05:00,ESPERADOS,PORTO_DE_PARANAGUA,Imp/Exp,1
19/02/2025 05:00:00,LIQUIDO A GRANEL,PORTO_DE_SANTOS,Imp,1
19/02/2025 06:00,ESPERADOS,PORTO_DE_PARANAGUA,Imp/Exp,1
19/02/2025 07:00,ESPERADOS,PORTO_DE_PARANAGUA,Imp; Imp/Exp; Imp/Exp; Exp; Imp,5
19/02/2025 07:00:00,LIQUIDO A GRANEL,PORTO_DE_SANTOS,Imp; Exp,2
19/02/2025 08:00,ESPERADOS,PORTO_DE_PARANAGUA,Imp; Imp/Exp,2
19/02/2025 08:00:00,GRANEIS DE ORIGEM VEGETAL,PORTO_DE_SANTOS,Exp,1
19/02/2025 08:00:00,GRANEIS SOLIDOS - EXPORTACAO,PORTO_DE_SANTOS,Exp,1
19/02/2025 09:00:00,CONTEINERES,PORTO_DE_SANTOS,Imp/Exp,1
19/02/2025 11:48:00,LIQUIDO A GRANEL,PORTO_DE_SANTOS,Exp,1
19/02/2025 12:00,ESPERADOS,PORTO_DE_PARANAGUA,Imp,1
19/02/2025 12:00:00,CONTEINERES,PORTO_DE_SANTOS,Imp/Exp,1
19/02/2025 13:00:00,CONTEINERES,PORTO_DE_SANTOS,Imp/Exp,1
19/02/2025 14:00,ESPERADOS,PORTO_DE_PARANAGUA,Imp/Exp; Imp/Exp,2
19/02/2025 17:00:00,CONTEINERES,PORTO_DE_SANTOS,Imp/Exp,1
19/02/2025 18:00:00,PRIORIDADE C3,PORTO_DE_SANTOS,Exp,1
19/02/2025 19:00,ESPERADOS,PORTO_DE_PARANAGUA,Exp,1
19/02/2025 22:00:00,GRANEIS SOLIDOS - IMPORTACAO,PORTO_DE_SANTOS,Imp,1
19/03/2025 02:00:00,CONTEINERES,PORTO_DE_SANTOS,Imp/Exp,1
19/12/2024 12:30,AO LARGO,PORTO_DE_PARANAGUA,Exp,1
20/01/2025 07:00:00,GRANEIS SOLIDOS - EXPORTACAO,PORTO_DE_SANTOS,Exp,1
20/02/2025,LIQUIDO A GRANEL,PORTO_DE_SANTOS,Imp/Exp; Exp,2
20/02/2025,SEM PRIORIDADE,PORTO_DE_SANTOS,Imp/Exp,1
20/02/2025 02:00:00,CONTEINERES,PORTO_DE_SANTOS,Imp/Exp,1
20/02/2025 06:00:00,GRANEIS DE ORIGEM VEGETAL,PORTO_DE_SANTOS,Exp,1
20/02/2025 06:00:00,LASH,PORTO_DE_SANTOS,Exp; Exp,2
20/02/2025 06:00:00,LIQUIDO A GRANEL,PORTO_DE_SANTOS,Exp,1
20/02/2025 06:00:00,SEM PRIORIDADE,PORTO_DE_SANTOS,Exp,1
20/02/2025 07:00,ESPERADOS,PORTO_DE_PARANAGUA,Imp/Exp,1
20/02/2025 07:00:00,CONTEINERES,PORTO_DE_SANTOS,Imp/Exp; Imp/Exp,2
20/02/2025 07:00:00,GRANEIS DE ORIGEM VEGETAL,PORTO_DE_SANTOS,Exp,1
20/02/2025 07:00:00,GRANEIS SOLIDOS - IMPORTACAO,PORTO_DE_SANTOS,Imp,1
20/02/2025 07:00:00,SEM PRIORIDADE,PORTO_DE_SANTOS,Imp,1
20/02/2025 08:00,ESPERADOS,PORTO_DE_PARANAGUA,Imp; Imp,2
20/02/2025 08:00:00,CONTEINERES,PORTO_DE_SANTOS,Imp,1
20/02/2025 10:00,ESPERADOS,PORTO_DE_PARANAGUA,Exp,1
20/02/2025 10:00:00,GRANEIS SOLIDOS - IMPORTACAO,PORTO_DE_SANTOS,Imp,1
20/02/2025 12:00:00,CONTEINERES,PORTO_DE_SANTOS,Imp/Exp,1
20/02/2025 15:00:00,CONTEINERES,PORTO_DE_SANTOS,Imp/Exp; Imp/Exp,2
20/02/2025 19:00,ESPERADOS,PORTO_DE_PARANAGUA,Imp/Exp; Imp; Imp,3
20/02/2025 20:00,ESPERADOS,PORTO_DE_PARANAGUA,Exp; Exp; Exp,3
20/02/2025 22:00:00,GRANEIS SOLIDOS - EXPORTACAO,PORTO_DE_SANTOS,Exp,1
20/02/2026 06:00,ESPERADOS,PORTO_DE_PARANAGUA,Exp,1
20/03/2025 02:00:00,CONTEINERES,PORTO_DE_SANTOS,Imp/Exp,1
20/03/2025 12:00,ESPERADOS,PORTO_DE_PARANAGUA,Imp/Exp,1
20/03/2025 20:00:00,CONTEINERES,PORTO_DE_SANTOS,Imp/Exp,1
21/01/2025 16:12:00,GRANEIS SOLIDOS - IMPORTACAO,PORTO_DE_SANTOS,Imp,1
21/02/2025 01:00:00,ROLL-IN-ROLL-OFF,PORTO_DE_SANTOS,Imp/Exp; Imp/Exp,2
21/02/2025 03:00:00,CONTEINERES,PORTO_DE_SANTOS,Imp/Exp,1
21/02/2025 07:00,ESPERADOS,PORTO_DE_PARANAGUA,Imp/Exp; Imp/Exp; Imp/Exp,3
21/02/2025 07:00:00,CONTEINERES,PORTO_DE_SANTOS,Imp,1
21/02/2025 08:00,ESPERADOS,PORTO_DE_PARANAGUA,Imp; Exp,2
21/02/2025 08:00:00,CONTEINERES,PORTO_DE_SANTOS,Imp/Exp; Imp/Exp,2
21/02/2025 08:00:00,GRANEIS DE ORIGEM VEGETAL,PORTO_DE_SANTOS,Exp,1
21/02/2025 10:00:00,GRANEIS SOLIDOS - IMPORTACAO,PORTO_DE_SANTOS,Imp,1
21/02/2025 11:29:00,CONTEINERES,PORTO_DE_SANTOS,Imp/Exp,1
21/02/2025 13:00:00,GRANEIS SOLIDOS - IMPORTACAO,PORTO_DE_SANTOS,Imp,1
21/02/2025 19:00,ESPERADOS,PORTO_DE_PARANAGUA,Imp/Exp,1
21/03/2025 08:00:00,CONTEINERES,PORTO_DE_SANTOS,Exp; Imp/Exp,2
21/03/2025 16:00:00,CONTEINERES,PORTO_DE_SANTOS,Imp/Exp,1
21/12/2024 04:30,ATRACADOS,PORTO_DE_PARANAGUA,Imp; Imp,2
22/01/2025 11:24,DESPACHADOS,PORTO_DE_PARANAGUA,Exp,1
22/02/2025,CONTEINERES,PORTO_DE_SANTOS,Imp/Exp; Imp/Exp,2
22/02/2025,GRANEIS SOLIDOS - IMPORTACAO,PORTO_DE_SANTOS,Imp,1
22/02/2025 03:00:00,CONTEINERES,PORTO_DE_SANTOS,Imp/Exp,1
22/02/2025 05:00:00,GRANEIS SOLIDOS - IMPORTACAO,PORTO_DE_SANTOS,Imp,1
22/02/2025 06:00:00,LIQUIDO A GRANEL,PORTO_DE_SANTOS,Imp,1
22/02/2025 07:00:00,GRANEIS SOLIDOS - EXPORTACAO,PORTO_DE_SANTOS,Exp,1
22/02/2025 08:00,ESPERADOS,PORTO_DE_PARANAGUA,Exp; Imp; Imp,3
22/02/2025 08:00:00,SEM PRIORIDADE,PORTO_DE_SANTOS,Exp,1
22/02/2025 10:00:00,CONTEINERES,PORTO_DE_SANTOS,Imp/Exp,1
22/02/2025 12:00,ESPERADOS,PORTO_DE_PARANAGUA,Imp,1
22/02/2025 13:00:00,CONTEINERES,PORTO_DE_SANTOS,Imp/Exp,1
22/02/2025 18:00:00,GRANEIS DE ORIGEM VEGETAL,PORTO_DE_SANTOS,Exp,1
22/02/2025 19:00,ESPERADOS,PORTO_DE_PARANAGUA,Exp,1
22/02/2025 19:00:00,GRANEIS SOLIDOS - EXPORTACAO,PORTO_DE_SANTOS,Exp,1
22/02/2025 20:00,ESPERADOS,PORTO_DE_PARANAGUA,Exp,1
22/03/2025 02:00:00,CONTEINERES,PORTO_DE_SANTOS,Imp/Exp,1
22/03/2025 03:00:00,CONTEINERES,PORTO_DE_SANTOS,Imp/Exp,1
22/03/2025 06:00:00,LASH,PORTO_DE_SANTOS,Exp,1
22/03/2025 13:00:00,CONTEINERES,PORTO_DE_SANTOS,Imp/Exp,1
22/03/2025 19:00:00,CONTEINERES,PORTO_DE_SANTOS,Imp/Exp,1
22/03/2027 06:00,ESPERADOS,PORTO_DE_PARANAGUA,Imp,1
22/12/2025 06:00,ESPERADOS,PORTO_DE_PARANAGUA,Imp/Exp,1
23/01/2025 11:00,AO LARGO,PORTO_DE_PARANAGUA,Imp,1
23/01/2025 13:48,AO LARGO,PORTO_DE_PARANAGUA,Imp,1
23/02/2025,CONTEINERES,PORTO_DE_SANTOS,Imp/Exp; Imp/Exp,2
23/02/2025,ROLL-IN-ROLL-OFF,PORTO_DE_SANTOS,Exp; Imp/Exp,2
23/02/2025 01:00,ESPERADOS,PORTO_DE_PARANAGUA,Exp,1
23/02/2025 02:00:00,CONTEINERES,PORTO_DE_SANTOS,Imp/Exp,1
23/02/2025 05:00,ESPERADOS,PORTO_DE_PARANAGUA,Imp/Exp,1
23/02/2025 05:00:00,CONTEINERES,PORTO_DE_SANTOS,Imp/Exp,1
23/02/2025 07:00:00,SEM PRIORIDADE,PORTO_DE_SANTOS,Exp,1
23/02/2025 08:00,ESPERADOS,PORTO_DE_PARANAGUA,Exp,1
23/02/2025 08:00:00,GRANEIS DE ORIGEM VEGETAL,PORTO_DE_SANTOS,Exp,1
23/02/2025 11:00:00,CONTEINERES,PORTO_DE_SANTOS,Exp,1
23/02/2025 12:00:00,CONTEINERES,PORTO_DE_SANTOS,Imp/Exp,1
23/02/2025 14:00:00,CONTEINERES,PORTO_DE_SANTOS,Imp/Exp; Imp/Exp,2
23/02/2025 18:00:00,CONTEINERES,PORTO_DE_SANTOS,Imp/Exp,1
23/02/2025 18:00:00,SEM PRIORIDADE,PORTO_DE_SANTOS,Imp,1
23/03/2025 01:00:00,CONTEINERES,PORTO_DE_SANTOS,Exp,1
23/03/2025 02:00:00,CONTEINERES,PORTO_DE_SANTOS,Imp/Exp,1
23/03/2025 06:00:00,LASH,PORTO_DE_SANTOS,Exp,1
23/03/2025 14:00:00,CONTEINERES,PORTO_DE_SANTOS,Imp/Exp,1
24/01/2025 22:48:00,GRANEIS DE ORIGEM VEGETAL,PORTO_DE_SANTOS,Exp,1
24/02/2025,CONTEINERES,PORTO_DE_SANTOS,Imp/Exp; Imp/Exp,2
24/02/2025,ROLL-IN-ROLL-OFF,PORTO_DE_SANTOS,Exp,1
24/02/2025 07:00,ESPERADOS,PORTO_DE_PARANAGUA,Exp; Imp; Imp/Exp; Exp,4
24/02/2025 07:00:00,CONTEINERES,PORTO_DE_SANTOS,Imp/Exp; Imp/Exp,2
24/02/2025 08:00,ESPERADOS,PORTO_DE_PARANAGUA,Exp; Exp,2
24/02/2025 12:00:00,CONTEINERES,PORTO_DE_SANTOS,Imp/Exp; Imp/Exp,2
24/02/2025 18:00,ESPERADOS,PORTO_DE_PARANAGUA,Imp/Exp,1
25/02/2025,CONTEINERES,PORTO_DE_SANTOS,Imp/Exp,1
25/02/2025 02:00,ESPERADOS,PORTO_DE_PARANAGUA,Exp,1
25/02/2025 04:00:00,CONTEINERES,PORTO_DE_SANTOS,Imp/Exp,1
25/02/2025 06:00,ESPERADOS,PORTO_DE_PARANAGUA,Imp,1
25/02/2025 06:00:00,LASH,PORTO_DE_SANTOS,Exp,1
25/02/2025 08:00,ESPERADOS,PORTO_DE_PARANAGUA,Exp; Imp/Exp,2
25/02/2025 08:00:00,CONTEINERES,PORTO_DE_SANTOS,Imp/Exp,1
25/02/2025 12:00,ESPERADOS,PORTO_DE_PARANAGUA,Imp/Exp,1
25/02/2025 13:00,ESPERADOS,PORTO_DE_PARANAGUA,Imp/Exp,1
25/02/2025 20:00,ESPERADOS,PORTO_DE_PARANAGUA,Exp; Exp,2
25/03/2025 08:00:00,CONTEINERES,PORTO_DE_SANTOS,Imp/Exp,1
25/12/2024 18:48,DESPACHADOS,PORTO_DE_PARANAGUA,Imp; Imp; Imp,3
26/02/2025,CONTEINERES,PORTO_DE_SANTOS,Imp/Exp; Imp/Exp,2
26/02/2025 01:00,ESPERADOS,PORTO_DE_PARANAGUA,Imp/Exp,1
26/02/2025 02:00:00,CONTEINERES,PORTO_DE_SANTOS,Imp/Exp,1
26/02/2025 05:00,ESPERADOS,PORTO_DE_PARANAGUA,Imp/Exp,1
26/02/2025 07:00:00,CABOTAGEM,PORTO_DE_SANTOS,Exp,1
26/02/2025 07:00:00,CONTEINERES,PORTO_DE_SANTOS,Imp/Exp,1
26/02/2025 08:00:00,GRANEIS DE ORIGEM VEGETAL,PORTO_DE_SANTOS,Exp,1
26/02/2025 10:00,ESPERADOS,PORTO_DE_PARANAGUA,Imp,1
26/02/2025 12:00:00,CONTEINERES,PORTO_DE_SANTOS,Imp/Exp,1
26/02/2025 13:00,ESPERADOS,PORTO_DE_PARANAGUA,Imp/Exp,1
26/02/2025 21:00,ESPERADOS,PORTO_DE_PARANAGUA,Exp,1
27/01/2025 20:12,AO LARGO,PORTO_DE_PARANAGUA,Imp; Imp,2
27/02/2025 01:00:00,CONTEINERES,PORTO_DE_SANTOS,Imp/Exp,1
27/02/2025 01:01:00,CONTEINERES,PORTO_DE_SANTOS,Imp/Exp,1
27/02/2025 07:00,ESPERADOS,PORTO_DE_PARANAGUA,Imp; Exp; Imp/Exp; Imp/Exp,4
27/02/2025 07:00:00,CONTEINERES,PORTO_DE_SANTOS,Imp/Exp,1
27/02/2025 07:00:00,SEM PRIORIDADE,PORTO_DE_SANTOS,Exp,1
27/02/2025 08:00,ESPERADOS,PORTO_DE_PARANAGUA,Exp,1
27/02/2025 09:00,ESPERADOS,PORTO_DE_PARANAGUA,Exp,1
27/02/2025 12:00,ESPERADOS,PORTO_DE_PARANAGUA,Imp/Exp; Imp; Imp/Exp; Imp/Exp,4
27/02/2025 13:00:00,CONTEINERES,PORTO_DE_SANTOS,Imp/Exp,1
27/02/2025 15:00,ESPERADOS,PORTO_DE_PARANAGUA,Exp,1
27/02/2025 16:18:00,LIQUIDO A GRANEL,PORTO_DE_SANTOS,Imp,1
27/02/2025 17:00,ESPERADOS,PORTO_DE_PARANAGUA,Imp/Exp,1
27/02/2025 20:00,ESPERADOS,PORTO_DE_PARANAGUA,Exp,1
27/02/2025 20:00:00,CONTEINERES,PORTO_DE_SANTOS,Imp/Exp,1
27/02/2025 21:00,ESPERADOS,PORTO_DE_PARANAGUA,Imp/Exp,1
27/03/2025 02:00:00,CONTEINERES,PORTO_DE_SANTOS,Imp/Exp,1
27/03/2025 20:00:00,CONTEINERES,PORTO_DE_SANTOS,Imp/Exp,1
27/12/2024 16:00,DESPACHADOS,PORTO_DE_PARANAGUA,Imp; Imp,2
28/01/2025 03:00,AO LARGO,PORTO_DE_PARANAGUA,Imp; Imp; Imp,3
28/01/2025 11:30,AO LARGO,PORTO_DE_PARANAGUA,Imp; Imp,2
28/01/2025 23:42,AO LARGO,PORTO_DE_PARANAGUA,Exp,1
28/02/2025 00:01,ESPERADOS,PORTO_DE_PARANAGUA,Exp,1
28/02/2025 03:00:00,CONTEINERES,PORTO_DE_SANTOS,Imp/Exp,1
28/02/2025 06:00,ESPERADOS,PORTO_DE_PARANAGUA,Imp,1
28/02/2025 07:00,ESPERADOS,PORTO_DE_PARANAGUA,Exp,1
28/02/2025 08:00,ESPERADOS,PORTO_DE_PARANAGUA,Imp,1
28/02/2025 08:00:00,CONTEINERES,PORTO_DE_SANTOS,Imp/Exp,1
28/02/2025 08:01:00,CONTEINERES,PORTO_DE_SANTOS,Imp/Exp,1
28/02/2025 09:00,ESPERADOS,PORTO_DE_PARANAGUA,Exp; Exp,2
28/02/2025 12:00,ESPERADOS,PORTO_DE_PARANAGUA,Imp/Exp; Imp/Exp,2
28/03/2025 08:00,ESPERADOS,PORTO_DE_PARANAGUA,Imp/Exp,1
28/03/2025 08:00:00,CONTEINERES,PORTO_DE_SANTOS,Imp/Exp,1
28/03/2025 16:00:00,CONTEINERES,PORTO_DE_SANTOS,Imp/Exp,1
29/01/2025 14:15:00,LIQUIDO A GRANEL,PORTO_DE_SANTOS,Exp,1
29/01/2025 19:00,DESPACHADOS,PORTO_DE_PARANAGUA,Exp,1
29/03/2025 02:00:00,CONTEINERES,PORTO_DE_SANTOS,Imp/Exp,1
29/03/2025 08:00:00,CONTEINERES,PORTO_DE_SANTOS,Imp/Exp,1
30/03/2025 02:00:00,CONTEINERES,PORTO_DE_SANTOS,Imp/Exp,1
30/03/2025 18:00:00,CONTEINERES,PORTO_DE_SANTOS,Imp/Exp,1
31/01/2025 04:24,ATRACADOS,PORTO_DE_PARANAGUA,Imp,1
31/01/2025 10:18,AO LARGO,PORTO_DE_PARANAGUA,Exp,1
31/03/2025 11:00:00,CONTEINERES,PORTO_DE_SANTOS,Imp/Exp,1
31/12/2024 01:24,AO LARGO,PORTO_DE_PARANAGUA,Exp,1
