Mercadoria,Sentido,Chegada,Status,Quantidade,Porto
OLEO DIESEL,Imp,16/01/2025 14:42,AO LARGO PARA REATRACAÇÃO,0,PORTO_DE_PARANAGUA
SOJA,Exp,17/02/2025 00:01,AO LARGO,0,PORTO_DE_PARANAGUA
MAP,Imp,17/02/2025 00:10,AO LARGO,0,PORTO_DE_PARANAGUA
MAP,Imp,17/02/2025 00:10,AO LARGO,0,PORTO_DE_PARANAGUA
SOJA,Exp,17/02/2025 00:01,AO LARGO,0,PORTO_DE_PARANAGUA
CLORETOS DE POTASSIO,Imp,16/02/2025 15:00,AO LARGO,0,PORTO_DE_PARANAGUA
FERTILIZ.MINER.QUIM.C/NITROGEN,Imp,16/02/2025 00:30,AO LARGO,0,PORTO_DE_PARANAGUA
FARELO DE SOJA,Exp,16/02/2025 00:01,AO LARGO,0,PORTO_DE_PARANAGUA
FARELO DE SOJA,Exp,16/02/2025 07:00,AO LARGO,0,PORTO_DE_PARANAGUA
DAP - Fosfato Diamonico,Imp,15/02/2025 17:10,AO LARGO,0,PORTO_DE_PARANAGUA
FERTILIZ.MINER.QUIM.C/NITROGEN,Imp,15/02/2025 17:10,AO LARGO,0,PORTO_DE_PARANAGUA
SOJA,Exp,15/02/2025 07:00,AO LARGO,0,PORTO_DE_PARANAGUA
SOJA,Exp,15/02/2025 01:48,AO LARGO,0,PORTO_DE_PARANAGUA
SOJA,Exp,15/02/2025 20:00,AO LARGO,0,PORTO_DE_PARANAGUA
SOJA,Exp,12/02/2025 16:00,AO LARGO,0,PORTO_DE_PARANAGUA
SOJA,Exp,12/02/2025 03:30,AO LARGO,0,PORTO_DE_PARANAGUA
FARELO DE SOJA,Exp,10/02/2025 18:00,AO LARGO,0,PORTO_DE_PARANAGUA
SOJA,Exp,31/12/2024 01:24,AO LARGO,0,PORTO_DE_PARANAGUA
CEVADA CERVEJEIRA,Imp,11/02/2025 19:30,AO LARGO,0,PORTO_DE_PARANAGUA
FARELO DE SOJA,Exp,10/02/2025 03:00,AO LARGO,0,PORTO_DE_PARANAGUA
OLEO DIESEL,Imp,08/02/2025 08:30,AO LARGO,0,PORTO_DE_PARANAGUA
SOJA,Exp,11/02/2025 14:30,AO LARGO,0,PORTO_DE_PARANAGUA
SOJA,Exp,11/02/2025 04:18,AO LARGO,0,PORTO_DE_PARANAGUA
MILHO,Exp,07/02/2025 14:00,AO LARGO,0,PORTO_DE_PARANAGUA
SOJA,Exp,10/02/2025 11:36,AO LARGO,0,PORTO_DE_PARANAGUA
FARELO DE SOJA,Exp,10/02/2025 14:00,AO LARGO,0,PORTO_DE_PARANAGUA
FARELO DE SOJA,Exp,10/02/2025 00:01,AO LARGO,0,PORTO_DE_PARANAGUA
SOJA,Exp,07/02/2025 00:01,AO LARGO,0,PORTO_DE_PARANAGUA
SOJA,Exp,05/02/2025 10:07,AO LARGO,0,PORTO_DE_PARANAGUA
SOJA,Exp,01/02/2025 00:01,AO LARGO,0,PORTO_DE_PARANAGUA
SOJA,Exp,31/01/2025 10:18,AO LARGO,0,PORTO_DE_PARANAGUA
MAP,Imp,28/01/2025 03:00,AO LARGO,0,PORTO_DE_PARANAGUA
CLORETOS DE POTASSIO,Imp,28/01/2025 03:00,AO LARGO,0,PORTO_DE_PARANAGUA
CLORETOS DE POTASSIO,Imp,28/01/2025 03:00,AO LARGO,0,PORTO_DE_PARANAGUA
SOJA,Exp,28/01/2025 23:42,AO LARGO,0,PORTO_DE_PARANAGUA
SULFATO DE AMONIO,Imp,28/01/2025 11:30,AO LARGO,0,PORTO_DE_PARANAGUA
SULFATO DE AMONIO,Imp,28/01/2025 11:30,AO LARGO,0,PORTO_DE_PARANAGUA
DAP - Fosfato Diamonico,Imp,27/01/2025 20:12,AO LARGO,0,PORTO_DE_PARANAGUA
FERTILIZ.MINER.QUIM.C/NITROGEN,Imp,27/01/2025 20:12,AO LARGO,0,PORTO_DE_PARANAGUA
CLORETOS DE POTASSIO,Imp,23/01/2025 11:00,AO LARGO,0,PORTO_DE_PARANAGUA
SULFATO DE AMONIO,Imp,23/01/2025 13:48,AO LARGO,0,PORTO_DE_PARANAGUA
SULFATO DE AMONIO,Imp,14/01/2025 16:00,AO LARGO,0,PORTO_DE_PARANAGUA
SULFATO DE AMONIO,Imp,14/01/2025 16:00,AO LARGO,0,PORTO_DE_PARANAGUA
SOJA,Exp,19/12/2024 12:30,AO LARGO,0,PORTO_DE_PARANAGUA
CONTÊINERES (CONTENTORES) INCL,Imp/Exp,,ATRACADOS,0,PORTO_DE_PARANAGUA
MALTE,Imp,16/02/2025 12:00,ATRACADOS,0,PORTO_DE_PARANAGUA
VEICULOS,Imp/Exp,15/02/2025 16:00,ATRACADOS,0,PORTO_DE_PARANAGUA
CONTÊINERES (CONTENTORES) INCL,Imp/Exp,15/02/2025 09:30,ATRACADOS,0,PORTO_DE_PARANAGUA
OUTS.CARREGADORAS/PAS-CARREGAD,Imp/Exp,15/02/2025 06:00,ATRACADOS,0,PORTO_DE_PARANAGUA
FOSFATOS DE CALCIO,Imp,15/02/2025 02:06,ATRACADOS,0,PORTO_DE_PARANAGUA
SOJA,Exp,12/02/2025 17:15,ATRACADOS,0,PORTO_DE_PARANAGUA
OLEO DE SOJA,Exp,16/02/2025 22:18,ATRACADOS,0,PORTO_DE_PARANAGUA
FARELO DE SOJA,Exp,09/02/2025 07:30,ATRACADOS,0,PORTO_DE_PARANAGUA
SOJA,Exp,08/02/2025 08:01,ATRACADOS,0,PORTO_DE_PARANAGUA
SOJA,Exp,02/02/2025 14:12,ATRACADOS,0,PORTO_DE_PARANAGUA
SOJA,Exp,02/02/2025 10:00,ATRACADOS,0,PORTO_DE_PARANAGUA
CLORETOS DE POTASSIO,Imp,31/01/2025 04:24,ATRACADOS,0,PORTO_DE_PARANAGUA
MAP,Imp,19/01/2025 06:00,ATRACADOS,0,PORTO_DE_PARANAGUA
MAP,Imp,18/01/2025 09:00,ATRACADOS,0,PORTO_DE_PARANAGUA
MAP,Imp,18/01/2025 09:00,ATRACADOS,0,PORTO_DE_PARANAGUA
FERTILIZ.MINER.QUIM.C/NITROGEN,Imp,14/01/2025 04:54,ATRACADOS,0,PORTO_DE_PARANAGUA
MAP,Imp,11/01/2025 22:12,ATRACADOS,0,PORTO_DE_PARANAGUA
SULFATO DE AMONIO,Imp,02/01/2025 17:30,ATRACADOS,0,PORTO_DE_PARANAGUA
SULFATO DE AMONIO,Imp,21/12/2024 04:30,ATRACADOS,0,PORTO_DE_PARANAGUA
SULFATO DE AMONIO,Imp,21/12/2024 04:30,ATRACADOS,0,PORTO_DE_PARANAGUA
CONTÊINERES (CONTENTORES) INCL,Imp/Exp,15/02/2025 16:06,DESPACHADOS,0,PORTO_DE_PARANAGUA
CONTÊINERES (CONTENTORES) INCL,Imp/Exp,15/02/2025 17:30,DESPACHADOS,0,PORTO_DE_PARANAGUA
PASTA QUIM.MADEIRA DE N/CONIF.,Exp,16/02/2025 08:00,DESPACHADOS,0,PORTO_DE_PARANAGUA
VEICULOS E CARROS BLINDADOS DE,Exp,16/02/2025 04:24,DESPACHADOS,0,PORTO_DE_PARANAGUA
CONTÊINERES (CONTENTORES) INCL,Imp/Exp,14/02/2025 15:45,DESPACHADOS,0,PORTO_DE_PARANAGUA
CONTÊINERES (CONTENTORES) INCL,Imp/Exp,14/02/2025 09:30,DESPACHADOS,0,PORTO_DE_PARANAGUA
CONTÊINERES (CONTENTORES) INCL,Imp/Exp,14/02/2025 03:36,DESPACHADOS,0,PORTO_DE_PARANAGUA
CONTÊINERES (CONTENTORES) INCL,Imp/Exp,14/02/2025 09:42,DESPACHADOS,0,PORTO_DE_PARANAGUA
CONTÊINERES (CONTENTORES) INCL,Imp/Exp,14/02/2025 12:30,DESPACHADOS,0,PORTO_DE_PARANAGUA
CONTÊINERES (CONTENTORES) INCL,Imp/Exp,,DESPACHADOS,0,PORTO_DE_PARANAGUA
GASOLINAS,Imp,13/02/2025 22:30,DESPACHADOS,0,PORTO_DE_PARANAGUA
CONTÊINERES (CONTENTORES) INCL,Imp/Exp,14/02/2025 00:00,DESPACHADOS,0,PORTO_DE_PARANAGUA
CLORETOS DE POTASSIO,Imp,09/02/2025 16:00,DESPACHADOS,0,PORTO_DE_PARANAGUA
METANOL,Imp,04/02/2025 13:00,DESPACHADOS,0,PORTO_DE_PARANAGUA
AÇÚCAR,Exp,02/02/2025 01:00,DESPACHADOS,0,PORTO_DE_PARANAGUA
SOJA,Exp,02/02/2025 05:00,DESPACHADOS,0,PORTO_DE_PARANAGUA
FARELO DE SOJA,Exp,29/01/2025 19:00,DESPACHADOS,0,PORTO_DE_PARANAGUA
SOJA,Exp,22/01/2025 11:24,DESPACHADOS,0,PORTO_DE_PARANAGUA
CLORETOS DE POTASSIO,Imp,27/12/2024 16:00,DESPACHADOS,0,PORTO_DE_PARANAGUA
CLORETOS DE POTASSIO,Imp,27/12/2024 16:00,DESPACHADOS,0,PORTO_DE_PARANAGUA
UREIA,Imp,25/12/2024 18:48,DESPACHADOS,0,PORTO_DE_PARANAGUA
UREIA,Imp,25/12/2024 18:48,DESPACHADOS,0,PORTO_DE_PARANAGUA
UREIA,Imp,25/12/2024 18:48,DESPACHADOS,0,PORTO_DE_PARANAGUA
SULFATO DE AMONIO,Imp,13/12/2024 23:30,DESPACHADOS,0,PORTO_DE_PARANAGUA
SULFATO DE AMONIO,Imp,13/12/2024 23:30,DESPACHADOS,0,PORTO_DE_PARANAGUA
SODA CÁUSTICA,Imp,12/02/2025 22:15,DESPACHADOS,0,PORTO_DE_PARANAGUA
PASSAGEIROS,Imp,22/03/2027 06:00,ESPERADOS,0,PORTO_DE_PARANAGUA
PASSAGEIROS,Exp,20/02/2026 06:00,ESPERADOS,0,PORTO_DE_PARANAGUA
PASSAGEIROS,Imp/Exp,08/02/2026 06:00,ESPERADOS,0,PORTO_DE_PARANAGUA
PASSAGEIROS,Imp/Exp,22/12/2025 06:00,ESPERADOS,0,PORTO_DE_PARANAGUA
"REATORES NUCLEARES, CALDEIRAS,",Imp/Exp,10/04/2025 07:00,ESPERADOS,0,PORTO_DE_PARANAGUA
PASSAGEIROS,Imp/Exp,28/03/2025 08:00,ESPERADOS,0,PORTO_DE_PARANAGUA
CONTÊINERES (CONTENTORES) INCL,Imp/Exp,20/03/2025 12:00,ESPERADOS,0,PORTO_DE_PARANAGUA
CONTÊINERES (CONTENTORES) INCL,Imp/Exp,16/03/2025 12:00,ESPERADOS,0,PORTO_DE_PARANAGUA
MAP,Imp,15/03/2025 19:44,ESPERADOS,0,PORTO_DE_PARANAGUA
CONTÊINERES (CONTENTORES) INCL,Imp/Exp,13/03/2025 12:00,ESPERADOS,0,PORTO_DE_PARANAGUA
CONTÊINERES (CONTENTORES) INCL,Imp/Exp,11/03/2025 12:00,ESPERADOS,0,PORTO_DE_PARANAGUA
METANOL,Imp,11/03/2025 12:00,ESPERADOS,0,PORTO_DE_PARANAGUA
CLORETO DE POTASSIO,Imp,10/03/2025 12:00,ESPERADOS,0,PORTO_DE_PARANAGUA
CONTÊINERES (CONTENTORES) INCL,Imp/Exp,10/03/2025 12:00,ESPERADOS,0,PORTO_DE_PARANAGUA
METANOL,Imp,10/03/2025 08:00,ESPERADOS,0,PORTO_DE_PARANAGUA
OUTROS OLEOS DE DENDE,Imp,07/03/2025 20:00,ESPERADOS,0,PORTO_DE_PARANAGUA
CONTÊINERES (CONTENTORES) INCL,Imp/Exp,07/03/2025 07:00,ESPERADOS,0,PORTO_DE_PARANAGUA
CONTÊINERES (CONTENTORES) INCL,Imp/Exp,06/03/2025 12:00,ESPERADOS,0,PORTO_DE_PARANAGUA
"OUTS.PAPEIS/CARTOES ""KRAFTLINE",Exp,06/03/2025 08:00,ESPERADOS,0,PORTO_DE_PARANAGUA
"OUTS.MAD.COMP.FOLHEADA,ESPESS.",Exp,06/03/2025 08:00,ESPERADOS,0,PORTO_DE_PARANAGUA
OUTRAS MADEIRAS SERRADAS/CORTA,Exp,06/03/2025 08:00,ESPERADOS,0,PORTO_DE_PARANAGUA
METILATO DE SODIO,Imp,04/03/2025 19:00,ESPERADOS,0,PORTO_DE_PARANAGUA
CEVADA CERVEJEIRA,Imp,04/03/2025 07:00,ESPERADOS,0,PORTO_DE_PARANAGUA
CONTÊINERES (CONTENTORES) INCL,Imp/Exp,03/03/2025 20:00,ESPERADOS,0,PORTO_DE_PARANAGUA
UREIA,Imp,03/03/2025 13:00,ESPERADOS,0,PORTO_DE_PARANAGUA
UREIA,Imp,03/03/2025 13:00,ESPERADOS,0,PORTO_DE_PARANAGUA
CONTÊINERES (CONTENTORES) INCL,Imp/Exp,03/03/2025 12:00,ESPERADOS,0,PORTO_DE_PARANAGUA
METANOL,Imp,03/03/2025 12:00,ESPERADOS,0,PORTO_DE_PARANAGUA
FARELO DE SOJA,Exp,02/03/2025 13:00,ESPERADOS,0,PORTO_DE_PARANAGUA
FARELO DE SOJA,Exp,02/03/2025 07:00,ESPERADOS,0,PORTO_DE_PARANAGUA
"SUPERFOSFATO, MINERAIS OU QUIM",Imp,01/03/2025 12:00,ESPERADOS,0,PORTO_DE_PARANAGUA
CONTÊINERES (CONTENTORES) INCL,Imp/Exp,28/02/2025 12:00,ESPERADOS,0,PORTO_DE_PARANAGUA
CONTÊINERES (CONTENTORES) INCL,Imp/Exp,28/02/2025 12:00,ESPERADOS,0,PORTO_DE_PARANAGUA
SOJA,Exp,28/02/2025 09:00,ESPERADOS,0,PORTO_DE_PARANAGUA
FARELO DE SOJA,Exp,28/02/2025 09:00,ESPERADOS,0,PORTO_DE_PARANAGUA
SAL MARINHO,Imp,28/02/2025 08:00,ESPERADOS,0,PORTO_DE_PARANAGUA
FUEL-OIL (OLEO COMBUSTIVEL),Exp,28/02/2025 07:00,ESPERADOS,0,PORTO_DE_PARANAGUA
NAFTAS PARA PETROQUIMICA,Imp,28/02/2025 06:00,ESPERADOS,0,PORTO_DE_PARANAGUA
FARELO DE SOJA,Exp,28/02/2025 00:01,ESPERADOS,0,PORTO_DE_PARANAGUA
CONTÊINERES (CONTENTORES) INCL,Imp/Exp,27/02/2025 21:00,ESPERADOS,0,PORTO_DE_PARANAGUA
SOJA,Exp,27/02/2025 20:00,ESPERADOS,0,PORTO_DE_PARANAGUA
CONTÊINERES (CONTENTORES) INCL,Imp/Exp,27/02/2025 17:00,ESPERADOS,0,PORTO_DE_PARANAGUA
SOJA,Exp,27/02/2025 15:00,ESPERADOS,0,PORTO_DE_PARANAGUA
CONTÊINERES (CONTENTORES) INCL,Imp/Exp,27/02/2025 12:00,ESPERADOS,0,PORTO_DE_PARANAGUA
CLORETOS DE POTASSIO,Imp,27/02/2025 12:00,ESPERADOS,0,PORTO_DE_PARANAGUA
CONTÊINERES (CONTENTORES) INCL,Imp/Exp,27/02/2025 12:00,ESPERADOS,0,PORTO_DE_PARANAGUA
CONTÊINERES (CONTENTORES) INCL,Imp/Exp,27/02/2025 12:00,ESPERADOS,0,PORTO_DE_PARANAGUA
FARELO DE SOJA,Exp,27/02/2025 09:00,ESPERADOS,0,PORTO_DE_PARANAGUA
SOJA,Exp,27/02/2025 08:00,ESPERADOS,0,PORTO_DE_PARANAGUA
OLEO DIESEL,Imp,27/02/2025 07:00,ESPERADOS,0,PORTO_DE_PARANAGUA
FUEL-OIL,Exp,27/02/2025 07:00,ESPERADOS,0,PORTO_DE_PARANAGUA
CONTÊINERES (CONTENTORES) INCL,Imp/Exp,27/02/2025 07:00,ESPERADOS,0,PORTO_DE_PARANAGUA
"REATORES NUCLEARES, CALDEIRAS,",Imp/Exp,27/02/2025 07:00,ESPERADOS,0,PORTO_DE_PARANAGUA
OLEO DE SOJA,Exp,26/02/2025 21:00,ESPERADOS,0,PORTO_DE_PARANAGUA
CONTÊINERES (CONTENTORES) INCL,Imp/Exp,26/02/2025 13:00,ESPERADOS,0,PORTO_DE_PARANAGUA
UREIA,Imp,26/02/2025 10:00,ESPERADOS,0,PORTO_DE_PARANAGUA
CONTÊINERES (CONTENTORES) INCL,Imp/Exp,26/02/2025 05:00,ESPERADOS,0,PORTO_DE_PARANAGUA
AUTOMÓVEIS DE PASSAGEIROS E OU,Imp/Exp,26/02/2025 01:00,ESPERADOS,0,PORTO_DE_PARANAGUA
OLEO DE SOJA,Exp,25/02/2025 20:00,ESPERADOS,0,PORTO_DE_PARANAGUA
SOJA,Exp,25/02/2025 20:00,ESPERADOS,0,PORTO_DE_PARANAGUA
CONTÊINERES (CONTENTORES) INCL,Imp/Exp,25/02/2025 13:00,ESPERADOS,0,PORTO_DE_PARANAGUA
CONTÊINERES (CONTENTORES) INCL,Imp/Exp,25/02/2025 12:00,ESPERADOS,0,PORTO_DE_PARANAGUA
AÇÚCAR,Exp,25/02/2025 08:00,ESPERADOS,0,PORTO_DE_PARANAGUA
CONTÊINERES (CONTENTORES) INCL,Imp/Exp,25/02/2025 08:00,ESPERADOS,0,PORTO_DE_PARANAGUA
OLEO DIESEL,Imp,25/02/2025 06:00,ESPERADOS,0,PORTO_DE_PARANAGUA
SOJA,Exp,25/02/2025 02:00,ESPERADOS,0,PORTO_DE_PARANAGUA
CONTÊINERES (CONTENTORES) INCL,Imp/Exp,24/02/2025 18:00,ESPERADOS,0,PORTO_DE_PARANAGUA
PASTA QUIM.MADEIRA DE N/CONIF.,Exp,24/02/2025 08:00,ESPERADOS,0,PORTO_DE_PARANAGUA
OLEO DE SOJA,Exp,24/02/2025 08:00,ESPERADOS,0,PORTO_DE_PARANAGUA
FARELO DE SOJA,Exp,24/02/2025 07:00,ESPERADOS,0,PORTO_DE_PARANAGUA
CLORETOS DE POTASSIO,Imp,24/02/2025 07:00,ESPERADOS,0,PORTO_DE_PARANAGUA
AUTOMÓVEIS DE PASSAGEIROS E OU,Imp/Exp,24/02/2025 07:00,ESPERADOS,0,PORTO_DE_PARANAGUA
OUTS.ACUCARES,Exp,24/02/2025 07:00,ESPERADOS,0,PORTO_DE_PARANAGUA
PASTA QUIM.MADEIRA DE N/CONIF.,Exp,23/02/2025 08:00,ESPERADOS,0,PORTO_DE_PARANAGUA
CONTÊINERES (CONTENTORES) INCL,Imp/Exp,23/02/2025 05:00,ESPERADOS,0,PORTO_DE_PARANAGUA
SOJA,Exp,23/02/2025 01:00,ESPERADOS,0,PORTO_DE_PARANAGUA
SOJA,Exp,22/02/2025 20:00,ESPERADOS,0,PORTO_DE_PARANAGUA
OLEO DE SOJA,Exp,22/02/2025 19:00,ESPERADOS,0,PORTO_DE_PARANAGUA
OLEO DIESEL,Imp,22/02/2025 12:00,ESPERADOS,0,PORTO_DE_PARANAGUA
SOJA,Exp,22/02/2025 08:00,ESPERADOS,0,PORTO_DE_PARANAGUA
MAP,Imp,22/02/2025 08:00,ESPERADOS,0,PORTO_DE_PARANAGUA
FOSFATO MONO OU DISSODICO,Imp,22/02/2025 08:00,ESPERADOS,0,PORTO_DE_PARANAGUA
CONTÊINERES (CONTENTORES) INCL,Imp/Exp,21/02/2025 19:00,ESPERADOS,0,PORTO_DE_PARANAGUA
ALIMET,Imp,21/02/2025 08:00,ESPERADOS,0,PORTO_DE_PARANAGUA
"SEBO BOVINO,EM BRUTO",Exp,21/02/2025 08:00,ESPERADOS,0,PORTO_DE_PARANAGUA
CONTÊINERES (CONTENTORES) INCL,Imp/Exp,21/02/2025 07:00,ESPERADOS,0,PORTO_DE_PARANAGUA
CONTÊINERES (CONTENTORES) INCL,Imp/Exp,21/02/2025 07:00,ESPERADOS,0,PORTO_DE_PARANAGUA
CONTÊINERES (CONTENTORES) INCL,Imp/Exp,21/02/2025 07:00,ESPERADOS,0,PORTO_DE_PARANAGUA
SOJA,Exp,20/02/2025 20:00,ESPERADOS,0,PORTO_DE_PARANAGUA
SOJA,Exp,20/02/2025 20:00,ESPERADOS,0,PORTO_DE_PARANAGUA
OLEO DE SOJA,Exp,20/02/2025 20:00,ESPERADOS,0,PORTO_DE_PARANAGUA
CONTÊINERES (CONTENTORES) INCL,Imp/Exp,20/02/2025 19:00,ESPERADOS,0,PORTO_DE_PARANAGUA
OUTROS OLEOS DE DENDE,Imp,20/02/2025 19:00,ESPERADOS,0,PORTO_DE_PARANAGUA
SODA CÁUSTICA,Imp,20/02/2025 19:00,ESPERADOS,0,PORTO_DE_PARANAGUA
FARELO DE SOJA,Exp,20/02/2025 10:00,ESPERADOS,0,PORTO_DE_PARANAGUA
MAP,Imp,20/02/2025 08:00,ESPERADOS,0,PORTO_DE_PARANAGUA
OLEOS BRUTOS DE PETROLEO,Imp,20/02/2025 08:00,ESPERADOS,0,PORTO_DE_PARANAGUA
CONTÊINERES (CONTENTORES) INCL,Imp/Exp,20/02/2025 07:00,ESPERADOS,0,PORTO_DE_PARANAGUA
SOJA,Exp,19/02/2025 19:00,ESPERADOS,0,PORTO_DE_PARANAGUA
CONTÊINERES (CONTENTORES) INCL,Imp/Exp,19/02/2025 14:00,ESPERADOS,0,PORTO_DE_PARANAGUA
CONTÊINERES (CONTENTORES) INCL,Imp/Exp,19/02/2025 14:00,ESPERADOS,0,PORTO_DE_PARANAGUA
OLEO DIESEL,Imp,19/02/2025 12:00,ESPERADOS,0,PORTO_DE_PARANAGUA
FERTILIZ.MINER.QUIM.C/NITROGEN,Imp,19/02/2025 08:00,ESPERADOS,0,PORTO_DE_PARANAGUA
CONTÊINERES (CONTENTORES) INCL,Imp/Exp,19/02/2025 08:00,ESPERADOS,0,PORTO_DE_PARANAGUA
GLP,Imp,19/02/2025 07:00,ESPERADOS,0,PORTO_DE_PARANAGUA
CONTÊINERES (CONTENTORES) INCL,Imp/Exp,19/02/2025 07:00,ESPERADOS,0,PORTO_DE_PARANAGUA
"REATORES NUCLEARES, CALDEIRAS,",Imp/Exp,19/02/2025 07:00,ESPERADOS,0,PORTO_DE_PARANAGUA
ALCOOL ETILICO,Exp,19/02/2025 07:00,ESPERADOS,0,PORTO_DE_PARANAGUA
GASOLINAS,Imp,19/02/2025 07:00,ESPERADOS,0,PORTO_DE_PARANAGUA
CONTÊINERES (CONTENTORES) INCL,Imp/Exp,19/02/2025 06:00,ESPERADOS,0,PORTO_DE_PARANAGUA
CONTÊINERES (CONTENTORES) INCL,Imp/Exp,19/02/2025 05:00,ESPERADOS,0,PORTO_DE_PARANAGUA
CONTÊINERES (CONTENTORES) INCL,Imp/Exp,19/02/2025 02:00,ESPERADOS,0,PORTO_DE_PARANAGUA
CONTÊINERES (CONTENTORES) INCL,Imp/Exp,18/02/2025 21:00,ESPERADOS,0,PORTO_DE_PARANAGUA
SOJA,Exp,18/02/2025 19:00,ESPERADOS,0,PORTO_DE_PARANAGUA
CONTÊINERES (CONTENTORES) INCL,Imp/Exp,18/02/2025 15:00,ESPERADOS,0,PORTO_DE_PARANAGUA
UREIA,Imp,18/02/2025 12:00,ESPERADOS,0,PORTO_DE_PARANAGUA
CONTÊINERES (CONTENTORES) INCL,Imp/Exp,18/02/2025 12:00,ESPERADOS,0,PORTO_DE_PARANAGUA
CONTÊINERES (CONTENTORES) INCL,Imp/Exp,18/02/2025 09:00,ESPERADOS,0,PORTO_DE_PARANAGUA
OLEO DIESEL,Imp,18/02/2025 07:00,ESPERADOS,0,PORTO_DE_PARANAGUA
PASSAGEIROS,Imp/Exp,18/02/2025 07:00,ESPERADOS,0,PORTO_DE_PARANAGUA
METANOL,Imp,18/02/2025 07:00,ESPERADOS,0,PORTO_DE_PARANAGUA
SOJA,Exp,17/02/2025 12:00,ESPERADOS,0,PORTO_DE_PARANAGUA
CONTÊINERES (CONTENTORES) INCL,Imp/Exp,17/02/2025 00:00,ESPERADOS,0,PORTO_DE_PARANAGUA
CONTÊINERES (CONTENTORES) INCL,Imp/Exp,16/02/2025 07:00,ESPERADOS,0,PORTO_DE_PARANAGUA
FERTILIZ.MINER.QUIM.C/NITROGEN,Imp,15/02/2025 08:00,ESPERADOS,0,PORTO_DE_PARANAGUA
SOJA,Exp,10/02/2025 12:00,ESPERADOS,0,PORTO_DE_PARANAGUA
OLEO DIESEL,Imp,17/02/2025 13:30,PROGRAMADOS,0,PORTO_DE_PARANAGUA
CONTÊINERES (CONTENTORES) INCL,Imp/Exp,,PROGRAMADOS,0,PORTO_DE_PARANAGUA
CLORETOS DE POTASSIO,Imp,,PROGRAMADOS,0,PORTO_DE_PARANAGUA
METANOL,Imp,,PROGRAMADOS,0,PORTO_DE_PARANAGUA
CONTÊINERES (CONTENTORES) INCL,Imp/Exp,16/02/2025 05:42,PROGRAMADOS,0,PORTO_DE_PARANAGUA
OUT.TRIGOS E MISTURAS DE TRIGO,Imp,11/02/2025 02:48,PROGRAMADOS,0,PORTO_DE_PARANAGUA
SOJA,Exp,06/02/2025 15:36,PROGRAMADOS,0,PORTO_DE_PARANAGUA
FUEL-OIL (OLEO COMBUSTIVEL),Exp,06/02/2025 09:18,PROGRAMADOS,0,PORTO_DE_PARANAGUA
MILHO,Exp,05/02/2025 00:30,PROGRAMADOS,0,PORTO_DE_PARANAGUA
PAPEL E CELULOSE,Exp,17/02/2025,CABOTAGEM,0,PORTO_DE_SANTOS
PAPEL E CELULOSE,Exp,17/02/2025,CABOTAGEM,0,PORTO_DE_SANTOS
CARGA GERAL,Exp,26/02/2025 07:00:00,CABOTAGEM,0,PORTO_DE_SANTOS
CONTEINERES CHEIOS CONTEINERES CHEIOS,Imp/Exp,11/02/2025 08:25:00,CONTEINERES,0,PORTO_DE_SANTOS
CONTEINERES CHEIOS CONTEINERES CHEIOS,Imp/Exp,15/02/2025 18:30:00,CONTEINERES,0,PORTO_DE_SANTOS
CONTEINERES CHEIOS CONTEINERES CHEIOS,Imp/Exp,16/02/2025 15:12:00,CONTEINERES,0,PORTO_DE_SANTOS
CONTEINERES CHEIOS CONTEINERES CHEIOS,Imp/Exp,16/02/2025 18:10:00,CONTEINERES,0,PORTO_DE_SANTOS
CONTEINERES CHEIOS CONTEINERES CHEIOS,Imp/Exp,16/02/2025 18:18:00,CONTEINERES,0,PORTO_DE_SANTOS
CONTEINERES CHEIOS CONTEINERES CHEIOS,Imp/Exp,17/02/2025,CONTEINERES,0,PORTO_DE_SANTOS
CONTEINERES CHEIOS CONTEINERES CHEIOS,Imp/Exp,17/02/2025,CONTEINERES,0,PORTO_DE_SANTOS
CONTEINERES CHEIOS CONTEINERES CHEIOS,Imp/Exp,17/02/2025,CONTEINERES,0,PORTO_DE_SANTOS
CONTEINERES CHEIOS CONTEINERES CHEIOS,Imp/Exp,17/02/2025,CONTEINERES,0,PORTO_DE_SANTOS
CONTEINERES CHEIOS CONTEINERES CHEIOS,Imp/Exp,17/02/2025,CONTEINERES,0,PORTO_DE_SANTOS
CONTEINERES CHEIOS CONTEINERES CHEIOS,Imp/Exp,17/02/2025,CONTEINERES,0,PORTO_DE_SANTOS
CONTEINERES CHEIOS CONTEINERES CHEIOS,Imp/Exp,17/02/2025,CONTEINERES,0,PORTO_DE_SANTOS
CONTEINERES CHEIOS CONTEINERES CHEIOS,Imp/Exp,17/02/2025,CONTEINERES,0,PORTO_DE_SANTOS
CONTEINERES CHEIOS CONTEINERES CHEIOS,Imp/Exp,17/02/2025,CONTEINERES,0,PORTO_DE_SANTOS
CONTEINERES CHEIOS CONTEINERES CHEIOS,Imp/Exp,17/02/2025,CONTEINERES,0,PORTO_DE_SANTOS
CONTEINERES CHEIOS CONTEINERES CHEIOS,Imp/Exp,17/02/2025,CONTEINERES,0,PORTO_DE_SANTOS
CONTEINERES CHEIOS CONTEINERES CHEIOS,Imp/Exp,17/02/2025,CONTEINERES,0,PORTO_DE_SANTOS
CONTEINERES CHEIOS CONTEINERES CHEIOS,Imp/Exp,17/02/2025,CONTEINERES,0,PORTO_DE_SANTOS
CONTEINERES CHEIOS CONTEINERES CHEIOS,Imp/Exp,17/02/2025,CONTEINERES,0,PORTO_DE_SANTOS
CONTEINERES CHEIOS CONTEINERES CHEIOS,Imp/Exp,17/02/2025,CONTEINERES,0,PORTO_DE_SANTOS
CONTEINERES CHEIOS CONTEINERES CHEIOS,Imp/Exp,17/02/2025,CONTEINERES,0,PORTO_DE_SANTOS
CONTEINERES CHEIOS CONTEINERES CHEIOS,Imp/Exp,17/02/2025,CONTEINERES,0,PORTO_DE_SANTOS
CONTEINERES CHEIOS CONTEINERES CHEIOS,Imp/Exp,17/02/2025,CONTEINERES,0,PORTO_DE_SANTOS
CONTEINERES CHEIOS CONTEINERES CHEIOS,Imp/Exp,17/02/2025,CONTEINERES,0,PORTO_DE_SANTOS
CONTEINERES CHEIOS CONTEINERES CHEIOS,Imp/Exp,17/02/2025,CONTEINERES,0,PORTO_DE_SANTOS
CONTEINERES CHEIOS CONTEINERES CHEIOS,Imp/Exp,17/02/2025,CONTEINERES,0,PORTO_DE_SANTOS
CONTEINERES CHEIOS CONTEINERES CHEIOS,Imp/Exp,17/02/2025,CONTEINERES,0,PORTO_DE_SANTOS
CONTEINERES CHEIOS CONTEINERES CHEIOS,Imp/Exp,17/02/2025,CONTEINERES,0,PORTO_DE_SANTOS
CONTEINERES CHEIOS CONTEINERES CHEIOS,Imp/Exp,17/02/2025,CONTEINERES,0,PORTO_DE_SANTOS
CONTEINERES CHEIOS CONTEINERES CHEIOS,Imp/Exp,17/02/2025 07:00:00,CONTEINERES,0,PORTO_DE_SANTOS
CONTEINERES CHEIOS CONTEINERES CHEIOS,Exp,17/02/2025 09:00:00,CONTEINERES,0,PORTO_DE_SANTOS
CONTEINERES CHEIOS CONTEINERES CHEIOS,Imp/Exp,17/02/2025 10:00:00,CONTEINERES,0,PORTO_DE_SANTOS
CONTEINERES CHEIOS CONTEINERES CHEIOS,Imp/Exp,17/02/2025 10:00:00,CONTEINERES,0,PORTO_DE_SANTOS
CONTEINERES CHEIOS CONTEINERES CHEIOS,Imp/Exp,17/02/2025 10:42:00,CONTEINERES,0,PORTO_DE_SANTOS
CONTEINERES CHEIOS CONTEINERES CHEIOS,Imp/Exp,17/02/2025 11:00:00,CONTEINERES,0,PORTO_DE_SANTOS
CONTEINERES CHEIOS CONTEINERES CHEIOS,Imp/Exp,17/02/2025 12:00:00,CONTEINERES,0,PORTO_DE_SANTOS
CONTEINERES CHEIOS CONTEINERES CHEIOS,Imp/Exp,17/02/2025 22:00:00,CONTEINERES,0,PORTO_DE_SANTOS
CONTEINERES CHEIOS CONTEINERES CHEIOS,Imp/Exp,18/02/2025,CONTEINERES,0,PORTO_DE_SANTOS
CONTEINERES CHEIOS CONTEINERES CHEIOS,Imp/Exp,18/02/2025 08:00:00,CONTEINERES,0,PORTO_DE_SANTOS
CONTEINERES CHEIOS,Exp,18/02/2025 10:00:00,CONTEINERES,0,PORTO_DE_SANTOS
CONTEINERES CHEIOS CONTEINERES CHEIOS,Imp/Exp,18/02/2025 12:00:00,CONTEINERES,0,PORTO_DE_SANTOS
CONTEINERES CHEIOS CONTEINERES CHEIOS,Imp/Exp,18/02/2025 13:00:00,CONTEINERES,0,PORTO_DE_SANTOS
CONTEINERES CHEIOS CONTEINERES CHEIOS,Imp/Exp,19/02/2025 02:00:00,CONTEINERES,0,PORTO_DE_SANTOS
CONTEINERES CHEIOS CONTEINERES CHEIOS,Imp/Exp,19/02/2025 09:00:00,CONTEINERES,0,PORTO_DE_SANTOS
CONTEINERES CHEIOS CONTEINERES CHEIOS,Imp/Exp,19/02/2025 12:00:00,CONTEINERES,0,PORTO_DE_SANTOS
CONTEINERES CHEIOS CONTEINERES CHEIOS,Imp/Exp,19/02/2025 13:00:00,CONTEINERES,0,PORTO_DE_SANTOS
CONTEINERES CHEIOS CONTEINERES CHEIOS,Imp/Exp,19/02/2025 17:00:00,CONTEINERES,0,PORTO_DE_SANTOS
CONTEINERES CHEIOS CONTEINERES CHEIOS,Imp/Exp,20/02/2025 02:00:00,CONTEINERES,0,PORTO_DE_SANTOS
CONTEINERES CHEIOS CONTEINERES CHEIOS,Imp/Exp,20/02/2025 07:00:00,CONTEINERES,0,PORTO_DE_SANTOS
CONTEINERES CHEIOS CONTEINERES CHEIOS,Imp/Exp,20/02/2025 07:00:00,CONTEINERES,0,PORTO_DE_SANTOS
CONTEINERES CHEIOS,Imp,20/02/2025 08:00:00,CONTEINERES,0,PORTO_DE_SANTOS
CONTEINERES CHEIOS CONTEINERES CHEIOS,Imp/Exp,20/02/2025 12:00:00,CONTEINERES,0,PORTO_DE_SANTOS
CONTEINERES CHEIOS CONTEINERES CHEIOS,Imp/Exp,20/02/2025 15:00:00,CONTEINERES,0,PORTO_DE_SANTOS
CONTEINERES CHEIOS CONTEINERES CHEIOS,Imp/Exp,20/02/2025 15:00:00,CONTEINERES,0,PORTO_DE_SANTOS
CONTEINERES CHEIOS CONTEINERES CHEIOS,Imp/Exp,21/02/2025 03:00:00,CONTEINERES,0,PORTO_DE_SANTOS
CONTEINERES CHEIOS,Imp,21/02/2025 07:00:00,CONTEINERES,0,PORTO_DE_SANTOS
CONTEINERES CHEIOS CONTEINERES CHEIOS,Imp/Exp,21/02/2025 08:00:00,CONTEINERES,0,PORTO_DE_SANTOS
CONTEINERES CHEIOS CONTEINERES CHEIOS,Imp/Exp,21/02/2025 08:00:00,CONTEINERES,0,PORTO_DE_SANTOS
CONTEINERES CHEIOS CONTEINERES CHEIOS,Imp/Exp,21/02/2025 11:29:00,CONTEINERES,0,PORTO_DE_SANTOS
CONTEINERES CHEIOS CONTEINERES CHEIOS,Imp/Exp,22/02/2025,CONTEINERES,0,PORTO_DE_SANTOS
CONTEINERES CHEIOS CONTEINERES CHEIOS,Imp/Exp,22/02/2025,CONTEINERES,0,PORTO_DE_SANTOS
CONTEINERES CHEIOS CONTEINERES CHEIOS,Imp/Exp,22/02/2025 03:00:00,CONTEINERES,0,PORTO_DE_SANTOS
CONTEINERES CHEIOS CONTEINERES CHEIOS,Imp/Exp,22/02/2025 10:00:00,CONTEINERES,0,PORTO_DE_SANTOS
CONTEINERES CHEIOS CONTEINERES CHEIOS,Imp/Exp,22/02/2025 13:00:00,CONTEINERES,0,PORTO_DE_SANTOS
CONTEINERES CHEIOS CONTEINERES CHEIOS,Imp/Exp,23/02/2025,CONTEINERES,0,PORTO_DE_SANTOS
CONTEINERES CHEIOS CONTEINERES CHEIOS,Imp/Exp,23/02/2025,CONTEINERES,0,PORTO_DE_SANTOS
CONTEINERES CHEIOS CONTEINERES CHEIOS,Imp/Exp,23/02/2025 02:00:00,CONTEINERES,0,PORTO_DE_SANTOS
CONTEINERES CHEIOS CONTEINERES CHEIOS,Imp/Exp,23/02/2025 05:00:00,CONTEINERES,0,PORTO_DE_SANTOS
CONTEINERES CHEIOS CONTEINERES CHEIOS,Exp,23/02/2025 11:00:00,CONTEINERES,0,PORTO_DE_SANTOS
CONTEINERES CHEIOS CONTEINERES CHEIOS,Imp/Exp,23/02/2025 12:00:00,CONTEINERES,0,PORTO_DE_SANTOS
CONTEINERES CHEIOS CONTEINERES CHEIOS,Imp/Exp,23/02/2025 14:00:00,CONTEINERES,0,PORTO_DE_SANTOS
CONTEINERES CHEIOS CONTEINERES CHEIOS,Imp/Exp,23/02/2025 14:00:00,CONTEINERES,0,PORTO_DE_SANTOS
CONTEINERES CHEIOS CONTEINERES CHEIOS,Imp/Exp,23/02/2025 18:00:00,CONTEINERES,0,PORTO_DE_SANTOS
CONTEINERES CHEIOS CONTEINERES CHEIOS,Imp/Exp,24/02/2025,CONTEINERES,0,PORTO_DE_SANTOS
CONTEINERES CHEIOS CONTEINERES CHEIOS,Imp/Exp,24/02/2025,CONTEINERES,0,PORTO_DE_SANTOS
CONTEINERES CHEIOS CONTEINERES CHEIOS,Imp/Exp,24/02/2025 07:00:00,CONTEINERES,0,PORTO_DE_SANTOS
CONTEINERES CHEIOS CONTEINERES CHEIOS,Imp/Exp,24/02/2025 07:00:00,CONTEINERES,0,PORTO_DE_SANTOS
CONTEINERES CHEIOS CONTEINERES CHEIOS,Imp/Exp,24/02/2025 12:00:00,CONTEINERES,0,PORTO_DE_SANTOS
CONTEINERES CHEIOS CONTEINERES CHEIOS,Imp/Exp,24/02/2025 12:00:00,CONTEINERES,0,PORTO_DE_SANTOS
CONTEINERES CHEIOS CONTEINERES CHEIOS,Imp/Exp,25/02/2025,CONTEINERES,0,PORTO_DE_SANTOS
CONTEINERES CHEIOS CONTEINERES CHEIOS,Imp/Exp,25/02/2025 04:00:00,CONTEINERES,0,PORTO_DE_SANTOS
CONTEINERES CHEIOS CONTEINERES CHEIOS,Imp/Exp,25/02/2025 08:00:00,CONTEINERES,0,PORTO_DE_SANTOS
CONTEINERES CHEIOS CONTEINERES CHEIOS,Imp/Exp,26/02/2025,CONTEINERES,0,PORTO_DE_SANTOS
CONTEINERES CHEIOS CONTEINERES CHEIOS,Imp/Exp,26/02/2025,CONTEINERES,0,PORTO_DE_SANTOS
CONTEINERES CHEIOS CONTEINERES CHEIOS,Imp/Exp,26/02/2025 02:00:00,CONTEINERES,0,PORTO_DE_SANTOS
CONTEINERES CHEIOS CONTEINERES CHEIOS,Imp/Exp,26/02/2025 07:00:00,CONTEINERES,0,PORTO_DE_SANTOS
CONTEINERES CHEIOS CONTEINERES CHEIOS,Imp/Exp,26/02/2025 12:00:00,CONTEINERES,0,PORTO_DE_SANTOS
CONTEINERES CHEIOS CONTEINERES CHEIOS,Imp/Exp,27/02/2025 01:00:00,CONTEINERES,0,PORTO_DE_SANTOS
CONTEINERES CHEIOS CONTEINERES CHEIOS,Imp/Exp,27/02/2025 01:01:00,CONTEINERES,0,PORTO_DE_SANTOS
CONTEINERES CHEIOS CONTEINERES CHEIOS,Imp/Exp,27/02/2025 07:00:00,CONTEINERES,0,PORTO_DE_SANTOS
CONTEINERES CHEIOS CONTEINERES CHEIOS,Imp/Exp,27/02/2025 13:00:00,CONTEINERES,0,PORTO_DE_SANTOS
CONTEINERES CHEIOS CONTEINERES CHEIOS,Imp/Exp,27/02/2025 20:00:00,CONTEINERES,0,PORTO_DE_SANTOS
CONTEINERES CHEIOS CONTEINERES CHEIOS,Imp/Exp,28/02/2025 03:00:00,CONTEINERES,0,PORTO_DE_SANTOS
CONTEINERES CHEIOS CONTEINERES CHEIOS,Imp/Exp,28/02/2025 08:00:00,CONTEINERES,0,PORTO_DE_SANTOS
CONTEINERES CHEIOS CONTEINERES CHEIOS,Imp/Exp,28/02/2025 08:01:00,CONTEINERES,0,PORTO_DE_SANTOS
CONTEINERES CHEIOS CONTEINERES CHEIOS,Imp/Exp,01/03/2025 01:00:00,CONTEINERES,0,PORTO_DE_SANTOS
CONTEINERES CHEIOS CONTEINERES CHEIOS,Imp/Exp,01/03/2025 03:00:00,CONTEINERES,0,PORTO_DE_SANTOS
CONTEINERES CHEIOS CONTEINERES CHEIOS,Imp/Exp,02/03/2025 01:00:00,CONTEINERES,0,PORTO_DE_SANTOS
CONTEINERES CHEIOS CONTEINERES CHEIOS,Imp/Exp,02/03/2025 07:00:00,CONTEINERES,0,PORTO_DE_SANTOS
CONTEINERES CHEIOS CONTEINERES CHEIOS,Imp/Exp,02/03/2025 14:00:00,CONTEINERES,0,PORTO_DE_SANTOS
CONTEINERES CHEIOS CONTEINERES CHEIOS,Imp/Exp,03/03/2025 11:00:00,CONTEINERES,0,PORTO_DE_SANTOS
CONTEINERES CHEIOS CONTEINERES CHEIOS,Imp/Exp,03/03/2025 11:00:00,CONTEINERES,0,PORTO_DE_SANTOS
CONTEINERES CHEIOS CONTEINERES CHEIOS,Imp/Exp,04/03/2025 08:00:00,CONTEINERES,0,PORTO_DE_SANTOS
CONTEINERES CHEIOS CONTEINERES CHEIOS,Imp/Exp,05/03/2025 02:00:00,CONTEINERES,0,PORTO_DE_SANTOS
CONTEINERES CHEIOS CONTEINERES CHEIOS,Imp/Exp,06/03/2025 02:00:00,CONTEINERES,0,PORTO_DE_SANTOS
CONTEINERES CHEIOS CONTEINERES CHEIOS,Imp/Exp,06/03/2025 07:00:00,CONTEINERES,0,PORTO_DE_SANTOS
CONTEINERES CHEIOS CONTEINERES CHEIOS,Imp/Exp,06/03/2025 20:00:00,CONTEINERES,0,PORTO_DE_SANTOS
CONTEINERES CHEIOS CONTEINERES CHEIOS,Imp/Exp,07/03/2025 08:00:00,CONTEINERES,0,PORTO_DE_SANTOS
CONTEINERES CHEIOS CONTEINERES CHEIOS,Imp/Exp,07/03/2025 08:00:00,CONTEINERES,0,PORTO_DE_SANTOS
CONTEINERES CHEIOS CONTEINERES CHEIOS,Imp/Exp,08/03/2025 03:00:00,CONTEINERES,0,PORTO_DE_SANTOS
CONTEINERES CHEIOS CONTEINERES CHEIOS,Imp/Exp,08/03/2025 06:30:00,CONTEINERES,0,PORTO_DE_SANTOS
CONTEINERES CHEIOS CONTEINERES CHEIOS,Imp/Exp,08/03/2025 08:00:00,CONTEINERES,0,PORTO_DE_SANTOS
CONTEINERES CHEIOS CONTEINERES CHEIOS,Exp,09/03/2025 01:00:00,CONTEINERES,0,PORTO_DE_SANTOS
CONTEINERES CHEIOS CONTEINERES CHEIOS,Imp/Exp,09/03/2025 02:00:00,CONTEINERES,0,PORTO_DE_SANTOS
CONTEINERES CHEIOS CONTEINERES CHEIOS,Imp/Exp,09/03/2025 14:00:00,CONTEINERES,0,PORTO_DE_SANTOS
CONTEINERES CHEIOS CONTEINERES CHEIOS,Imp/Exp,10/03/2025 07:00:00,CONTEINERES,0,PORTO_DE_SANTOS
CONTEINERES CHEIOS CONTEINERES CHEIOS,Imp/Exp,11/03/2025 08:00:00,CONTEINERES,0,PORTO_DE_SANTOS
CONTEINERES CHEIOS CONTEINERES CHEIOS,Imp/Exp,12/03/2025 02:00:00,CONTEINERES,0,PORTO_DE_SANTOS
CONTEINERES CHEIOS CONTEINERES CHEIOS,Exp,14/03/2025 08:00:00,CONTEINERES,0,PORTO_DE_SANTOS
CONTEINERES CHEIOS CONTEINERES CHEIOS,Imp/Exp,14/03/2025 08:00:00,CONTEINERES,0,PORTO_DE_SANTOS
CONTEINERES CHEIOS CONTEINERES CHEIOS,Imp/Exp,14/03/2025 16:00:00,CONTEINERES,0,PORTO_DE_SANTOS
CONTEINERES CHEIOS CONTEINERES CHEIOS,Imp/Exp,15/03/2025 03:00:00,CONTEINERES,0,PORTO_DE_SANTOS
CONTEINERES CHEIOS CONTEINERES CHEIOS,Imp/Exp,15/03/2025 08:00:00,CONTEINERES,0,PORTO_DE_SANTOS
CONTEINERES CHEIOS CONTEINERES CHEIOS,Imp/Exp,16/03/2025 02:00:00,CONTEINERES,0,PORTO_DE_SANTOS
CONTEINERES CHEIOS CONTEINERES CHEIOS,Imp/Exp,16/03/2025 18:00:00,CONTEINERES,0,PORTO_DE_SANTOS
CONTEINERES CHEIOS CONTEINERES CHEIOS,Imp/Exp,17/03/2025 13:00:00,CONTEINERES,0,PORTO_DE_SANTOS
CONTEINERES CHEIOS CONTEINERES CHEIOS,Imp/Exp,17/03/2025 13:00:00,CONTEINERES,0,PORTO_DE_SANTOS
CONTEINERES CHEIOS CONTEINERES CHEIOS,Imp/Exp,17/03/2025 17:00:00,CONTEINERES,0,PORTO_DE_SANTOS
CONTEINERES CHEIOS CONTEINERES CHEIOS,Imp/Exp,18/03/2025 08:00:00,CONTEINERES,0,PORTO_DE_SANTOS
CONTEINERES CHEIOS CONTEINERES CHEIOS,Imp/Exp,19/03/2025 02:00:00,CONTEINERES,0,PORTO_DE_SANTOS
CONTEINERES CHEIOS CONTEINERES CHEIOS,Imp/Exp,20/03/2025 02:00:00,CONTEINERES,0,PORTO_DE_SANTOS
CONTEINERES CHEIOS CONTEINERES CHEIOS,Imp/Exp,20/03/2025 20:00:00,CONTEINERES,0,PORTO_DE_SANTOS
CONTEINERES CHEIOS CONTEINERES CHEIOS,Exp,21/03/2025 08:00:00,CONTEINERES,0,PORTO_DE_SANTOS
CONTEINERES CHEIOS CONTEINERES CHEIOS,Imp/Exp,21/03/2025 08:00:00,CONTEINERES,0,PORTO_DE_SANTOS
CONTEINERES CHEIOS CONTEINERES CHEIOS,Imp/Exp,21/03/2025 16:00:00,CONTEINERES,0,PORTO_DE_SANTOS
CONTEINERES CHEIOS CONTEINERES CHEIOS,Imp/Exp,22/03/2025 02:00:00,CONTEINERES,0,PORTO_DE_SANTOS
CONTEINERES CHEIOS CONTEINERES CHEIOS,Imp/Exp,22/03/2025 03:00:00,CONTEINERES,0,PORTO_DE_SANTOS
CONTEINERES CHEIOS CONTEINERES CHEIOS,Imp/Exp,22/03/2025 13:00:00,CONTEINERES,0,PORTO_DE_SANTOS
CONTEINERES CHEIOS CONTEINERES CHEIOS,Imp/Exp,22/03/2025 19:00:00,CONTEINERES,0,PORTO_DE_SANTOS
CONTEINERES CHEIOS CONTEINERES CHEIOS,Exp,23/03/2025 01:00:00,CONTEINERES,0,PORTO_DE_SANTOS
CONTEINERES CHEIOS CONTEINERES CHEIOS,Imp/Exp,23/03/2025 02:00:00,CONTEINERES,0,PORTO_DE_SANTOS
CONTEINERES CHEIOS CONTEINERES CHEIOS,Imp/Exp,23/03/2025 14:00:00,CONTEINERES,0,PORTO_DE_SANTOS
CONTEINERES CHEIOS CONTEINERES CHEIOS,Imp/Exp,25/03/2025 08:00:00,CONTEINERES,0,PORTO_DE_SANTOS
CONTEINERES CHEIOS CONTEINERES CHEIOS,Imp/Exp,27/03/2025 02:00:00,CONTEINERES,0,PORTO_DE_SANTOS
CONTEINERES CHEIOS CONTEINERES CHEIOS,Imp/Exp,27/03/2025 20:00:00,CONTEINERES,0,PORTO_DE_SANTOS
CONTEINERES CHEIOS CONTEINERES CHEIOS,Imp/Exp,28/03/2025 08:00:00,CONTEINERES,0,PORTO_DE_SANTOS
CONTEINERES CHEIOS CONTEINERES CHEIOS,Imp/Exp,28/03/2025 16:00:00,CONTEINERES,0,PORTO_DE_SANTOS
CONTEINERES CHEIOS CONTEINERES CHEIOS,Imp/Exp,29/03/2025 02:00:00,CONTEINERES,0,PORTO_DE_SANTOS
CONTEINERES CHEIOS CONTEINERES CHEIOS,Imp/Exp,29/03/2025 08:00:00,CONTEINERES,0,PORTO_DE_SANTOS
CONTEINERES CHEIOS CONTEINERES CHEIOS,Imp/Exp,30/03/2025 02:00:00,CONTEINERES,0,PORTO_DE_SANTOS
CONTEINERES CHEIOS CONTEINERES CHEIOS,Imp/Exp,30/03/2025 18:00:00,CONTEINERES,0,PORTO_DE_SANTOS
CONTEINERES CHEIOS CONTEINERES CHEIOS,Imp/Exp,31/03/2025 11:00:00,CONTEINERES,0,PORTO_DE_SANTOS
CONTEINERES CHEIOS CONTEINERES CHEIOS,Imp/Exp,05/04/2025 02:00:00,CONTEINERES,0,PORTO_DE_SANTOS
CONTEINERES CHEIOS CONTEINERES CHEIOS,Imp/Exp,06/04/2025 02:00:00,CONTEINERES,0,PORTO_DE_SANTOS
CONTEINERES CHEIOS CONTEINERES CHEIOS,Imp/Exp,06/04/2025 18:00:00,CONTEINERES,0,PORTO_DE_SANTOS
SOJA A GRANEL,Exp,24/01/2025 22:48:00,GRANEIS DE ORIGEM VEGETAL,0,PORTO_DE_SANTOS
SOJA A GRANEL,Exp,01/02/2025 10:42:00,GRANEIS DE ORIGEM VEGETAL,0,PORTO_DE_SANTOS
SOJA A GRANEL,Exp,01/02/2025 14:00:00,GRANEIS DE ORIGEM VEGETAL,0,PORTO_DE_SANTOS
SOJA A GRANEL,Exp,02/02/2025 18:54:00,GRANEIS DE ORIGEM VEGETAL,0,PORTO_DE_SANTOS
SOJA A GRANEL,Exp,03/02/2025 05:36:00,GRANEIS DE ORIGEM VEGETAL,0,PORTO_DE_SANTOS
SOJA A GRANEL,Exp,04/02/2025 07:42:00,GRANEIS DE ORIGEM VEGETAL,0,PORTO_DE_SANTOS
SOJA A GRANEL,Exp,04/02/2025 10:54:00,GRANEIS DE ORIGEM VEGETAL,0,PORTO_DE_SANTOS
SOJA A GRANEL,Exp,04/02/2025 15:30:00,GRANEIS DE ORIGEM VEGETAL,0,PORTO_DE_SANTOS
SOJA A GRANEL,Exp,06/02/2025 22:30:00,GRANEIS DE ORIGEM VEGETAL,0,PORTO_DE_SANTOS
SOJA A GRANEL,Exp,06/02/2025 22:45:00,GRANEIS DE ORIGEM VEGETAL,0,PORTO_DE_SANTOS
SOJA A GRANEL,Exp,08/02/2025 08:30:00,GRANEIS DE ORIGEM VEGETAL,0,PORTO_DE_SANTOS
SOJA A GRANEL,Exp,08/02/2025 19:00:00,GRANEIS DE ORIGEM VEGETAL,0,PORTO_DE_SANTOS
SOJA A GRANEL,Exp,09/02/2025 00:01:00,GRANEIS DE ORIGEM VEGETAL,0,PORTO_DE_SANTOS
SOJA A GRANEL,Exp,09/02/2025 00:01:00,GRANEIS DE ORIGEM VEGETAL,0,PORTO_DE_SANTOS
SOJA A GRANEL,Exp,10/02/2025 11:45:00,GRANEIS DE ORIGEM VEGETAL,0,PORTO_DE_SANTOS
SOJA A GRANEL,Exp,10/02/2025 13:30:00,GRANEIS DE ORIGEM VEGETAL,0,PORTO_DE_SANTOS
SOJA A GRANEL,Exp,11/02/2025 11:30:00,GRANEIS DE ORIGEM VEGETAL,0,PORTO_DE_SANTOS
SOJA A GRANEL,Exp,11/02/2025 21:00:00,GRANEIS DE ORIGEM VEGETAL,0,PORTO_DE_SANTOS
SOJA A GRANEL,Exp,12/02/2025 08:30:00,GRANEIS DE ORIGEM VEGETAL,0,PORTO_DE_SANTOS
SOJA A GRANEL,Exp,12/02/2025 10:00:00,GRANEIS DE ORIGEM VEGETAL,0,PORTO_DE_SANTOS
SOJA A GRANEL,Exp,12/02/2025 11:20:00,GRANEIS DE ORIGEM VEGETAL,0,PORTO_DE_SANTOS
SOJA A GRANEL,Exp,12/02/2025 14:00:00,GRANEIS DE ORIGEM VEGETAL,0,PORTO_DE_SANTOS
SOJA A GRANEL,Exp,12/02/2025 16:18:00,GRANEIS DE ORIGEM VEGETAL,0,PORTO_DE_SANTOS
SOJA A GRANEL,Exp,13/02/2025 04:36:00,GRANEIS DE ORIGEM VEGETAL,0,PORTO_DE_SANTOS
SOJA A GRANEL,Exp,13/02/2025 11:42:00,GRANEIS DE ORIGEM VEGETAL,0,PORTO_DE_SANTOS
PELLETS A GRANEL,Exp,14/02/2025 11:30:00,GRANEIS DE ORIGEM VEGETAL,0,PORTO_DE_SANTOS
SOJA A GRANEL,Exp,14/02/2025 14:20:00,GRANEIS DE ORIGEM VEGETAL,0,PORTO_DE_SANTOS
SOJA A GRANEL,Exp,14/02/2025 18:30:00,GRANEIS DE ORIGEM VEGETAL,0,PORTO_DE_SANTOS
SOJA A GRANEL,Exp,14/02/2025 23:30:00,GRANEIS DE ORIGEM VEGETAL,0,PORTO_DE_SANTOS
PELLETS A GRANEL,Exp,15/02/2025 08:00:00,GRANEIS DE ORIGEM VEGETAL,0,PORTO_DE_SANTOS
SOJA A GRANEL,Exp,15/02/2025 22:18:00,GRANEIS DE ORIGEM VEGETAL,0,PORTO_DE_SANTOS
SOJA A GRANEL,Exp,16/02/2025 00:24:00,GRANEIS DE ORIGEM VEGETAL,0,PORTO_DE_SANTOS
SOJA A GRANEL,Exp,16/02/2025 14:15:00,GRANEIS DE ORIGEM VEGETAL,0,PORTO_DE_SANTOS
SOJA A GRANEL,Exp,17/02/2025,GRANEIS DE ORIGEM VEGETAL,0,PORTO_DE_SANTOS
SOJA A GRANEL,Exp,17/02/2025,GRANEIS DE ORIGEM VEGETAL,0,PORTO_DE_SANTOS
SOJA A GRANEL,Exp,17/02/2025,GRANEIS DE ORIGEM VEGETAL,0,PORTO_DE_SANTOS
SOJA A GRANEL,Exp,17/02/2025,GRANEIS DE ORIGEM VEGETAL,0,PORTO_DE_SANTOS
SOJA A GRANEL,Exp,17/02/2025,GRANEIS DE ORIGEM VEGETAL,0,PORTO_DE_SANTOS
SOJA A GRANEL,Exp,17/02/2025 00:24:00,GRANEIS DE ORIGEM VEGETAL,0,PORTO_DE_SANTOS
SOJA A GRANEL,Exp,17/02/2025 11:15:00,GRANEIS DE ORIGEM VEGETAL,0,PORTO_DE_SANTOS
SOJA A GRANEL,Exp,17/02/2025 14:00:00,GRANEIS DE ORIGEM VEGETAL,0,PORTO_DE_SANTOS
PELLETS A GRANEL,Exp,17/02/2025 15:00:00,GRANEIS DE ORIGEM VEGETAL,0,PORTO_DE_SANTOS
SOJA A GRANEL,Exp,18/02/2025 10:00:00,GRANEIS DE ORIGEM VEGETAL,0,PORTO_DE_SANTOS
SOJA A GRANEL,Exp,18/02/2025 10:00:00,GRANEIS DE ORIGEM VEGETAL,0,PORTO_DE_SANTOS
SOJA A GRANEL,Exp,19/02/2025 08:00:00,GRANEIS DE ORIGEM VEGETAL,0,PORTO_DE_SANTOS
SOJA A GRANEL,Exp,20/02/2025 06:00:00,GRANEIS DE ORIGEM VEGETAL,0,PORTO_DE_SANTOS
SOJA A GRANEL,Exp,20/02/2025 07:00:00,GRANEIS DE ORIGEM VEGETAL,0,PORTO_DE_SANTOS
SOJA A GRANEL,Exp,21/02/2025 08:00:00,GRANEIS DE ORIGEM VEGETAL,0,PORTO_DE_SANTOS
SOJA A GRANEL,Exp,22/02/2025 18:00:00,GRANEIS DE ORIGEM VEGETAL,0,PORTO_DE_SANTOS
SOJA A GRANEL,Exp,23/02/2025 08:00:00,GRANEIS DE ORIGEM VEGETAL,0,PORTO_DE_SANTOS
PELLETS A GRANEL,Exp,26/02/2025 08:00:00,GRANEIS DE ORIGEM VEGETAL,0,PORTO_DE_SANTOS
ACUCAR A GRANEL,Exp,20/01/2025 07:00:00,GRANEIS SOLIDOS - EXPORTACAO,0,PORTO_DE_SANTOS
ACUCAR A GRANEL,Exp,15/02/2025 23:00:00,GRANEIS SOLIDOS - EXPORTACAO,0,PORTO_DE_SANTOS
ACUCAR A GRANEL,Exp,16/02/2025 19:42:00,GRANEIS SOLIDOS - EXPORTACAO,0,PORTO_DE_SANTOS
ACUCAR A GRANEL,Exp,17/02/2025 07:00:00,GRANEIS SOLIDOS - EXPORTACAO,0,PORTO_DE_SANTOS
ACUCAR A GRANEL,Exp,19/02/2025 08:00:00,GRANEIS SOLIDOS - EXPORTACAO,0,PORTO_DE_SANTOS
ACUCAR A GRANEL,Exp,20/02/2025 22:00:00,GRANEIS SOLIDOS - EXPORTACAO,0,PORTO_DE_SANTOS
ACUCAR A GRANEL,Exp,22/02/2025 07:00:00,GRANEIS SOLIDOS - EXPORTACAO,0,PORTO_DE_SANTOS
GRAN.SOLIDO NAO ESPECIF,Exp,22/02/2025 19:00:00,GRANEIS SOLIDOS - EXPORTACAO,0,PORTO_DE_SANTOS
SOJA A GRANEL FERTILIZANTES,Imp/Exp,04/01/2025 15:00:00,GRANEIS SOLIDOS - IMPORTACAO,0,PORTO_DE_SANTOS
FERTILIZANTES,Imp,11/01/2025 15:16:00,GRANEIS SOLIDOS - IMPORTACAO,0,PORTO_DE_SANTOS
FERTILIZANTES,Imp,19/01/2025 19:00:00,GRANEIS SOLIDOS - IMPORTACAO,0,PORTO_DE_SANTOS
ENXOFRE A GRANEL,Imp,21/01/2025 16:12:00,GRANEIS SOLIDOS - IMPORTACAO,0,PORTO_DE_SANTOS
ENXOFRE A GRANEL,Imp,07/02/2025 16:10:00,GRANEIS SOLIDOS - IMPORTACAO,0,PORTO_DE_SANTOS
FERTILIZANTES,Imp,16/02/2025 12:50:00,GRANEIS SOLIDOS - IMPORTACAO,0,PORTO_DE_SANTOS
FERTILIZANTES,Imp,17/02/2025,GRANEIS SOLIDOS - IMPORTACAO,0,PORTO_DE_SANTOS
FERTILIZANTES,Imp,17/02/2025 15:00:00,GRANEIS SOLIDOS - IMPORTACAO,0,PORTO_DE_SANTOS
FERTILIZANTES,Imp,18/02/2025,GRANEIS SOLIDOS - IMPORTACAO,0,PORTO_DE_SANTOS
SAL A GRANEL,Imp,18/02/2025 05:00:00,GRANEIS SOLIDOS - IMPORTACAO,0,PORTO_DE_SANTOS
FERTILIZANTES,Imp,18/02/2025 10:00:00,GRANEIS SOLIDOS - IMPORTACAO,0,PORTO_DE_SANTOS
GRAN.SOLIDO NAO ESPECIF,Imp,19/02/2025 22:00:00,GRANEIS SOLIDOS - IMPORTACAO,0,PORTO_DE_SANTOS
FERTILIZANTES,Imp,20/02/2025 07:00:00,GRANEIS SOLIDOS - IMPORTACAO,0,PORTO_DE_SANTOS
FERTILIZANTES,Imp,20/02/2025 10:00:00,GRANEIS SOLIDOS - IMPORTACAO,0,PORTO_DE_SANTOS
FERTILIZANTES,Imp,21/02/2025 10:00:00,GRANEIS SOLIDOS - IMPORTACAO,0,PORTO_DE_SANTOS
FERTILIZANTES,Imp,21/02/2025 13:00:00,GRANEIS SOLIDOS - IMPORTACAO,0,PORTO_DE_SANTOS
FERTILIZANTES,Imp,22/02/2025,GRANEIS SOLIDOS - IMPORTACAO,0,PORTO_DE_SANTOS
FERTILIZANTES,Imp,22/02/2025 05:00:00,GRANEIS SOLIDOS - IMPORTACAO,0,PORTO_DE_SANTOS
ENXOFRE A GRANEL,Imp,08/03/2025 07:00:00,GRANEIS SOLIDOS - IMPORTACAO,0,PORTO_DE_SANTOS
CARGA GERAL,Exp,17/02/2025,LASH,0,PORTO_DE_SANTOS
CARGA GERAL,Exp,17/02/2025,LASH,0,PORTO_DE_SANTOS
CARGA GERAL,Exp,17/02/2025,LASH,0,PORTO_DE_SANTOS
CARGA GERAL,Exp,17/02/2025,LASH,0,PORTO_DE_SANTOS
CARGA GERAL,Exp,17/02/2025,LASH,0,PORTO_DE_SANTOS
CARGA GERAL,Exp,17/02/2025,LASH,0,PORTO_DE_SANTOS
CARGA GERAL,Exp,17/02/2025,LASH,0,PORTO_DE_SANTOS
CARGA GERAL,Exp,17/02/2025,LASH,0,PORTO_DE_SANTOS
CARGA GERAL,Exp,17/02/2025,LASH,0,PORTO_DE_SANTOS
CARGA GERAL,Exp,17/02/2025,LASH,0,PORTO_DE_SANTOS
CARGA GERAL,Exp,17/02/2025,LASH,0,PORTO_DE_SANTOS
CARGA GERAL,Exp,17/02/2025,LASH,0,PORTO_DE_SANTOS
CARGA GERAL,Exp,17/02/2025,LASH,0,PORTO_DE_SANTOS
CARGA GERAL,Exp,17/02/2025,LASH,0,PORTO_DE_SANTOS
CARGA GERAL,Exp,20/02/2025 06:00:00,LASH,0,PORTO_DE_SANTOS
CARGA GERAL,Exp,20/02/2025 06:00:00,LASH,0,PORTO_DE_SANTOS
CARGA GERAL,Exp,25/02/2025 06:00:00,LASH,0,PORTO_DE_SANTOS
CARGA GERAL,Exp,01/03/2025,LASH,0,PORTO_DE_SANTOS
CARGA GERAL,Exp,03/03/2025 06:00:00,LASH,0,PORTO_DE_SANTOS
CARGA GERAL,Exp,09/03/2025 06:00:00,LASH,0,PORTO_DE_SANTOS
CARGA GERAL,Exp,15/03/2025 06:00:00,LASH,0,PORTO_DE_SANTOS
CARGA GERAL,Exp,22/03/2025 06:00:00,LASH,0,PORTO_DE_SANTOS
CARGA GERAL,Exp,23/03/2025 06:00:00,LASH,0,PORTO_DE_SANTOS
GRAN.LIQUIDO NAO ESPECIF,Imp,06/01/2025 09:30:00,LIQUIDO A GRANEL,0,PORTO_DE_SANTOS
OLEO DIESEL,Exp,29/01/2025 14:15:00,LIQUIDO A GRANEL,0,PORTO_DE_SANTOS
OLEO DIESEL,Exp,06/02/2025 15:18:00,LIQUIDO A GRANEL,0,PORTO_DE_SANTOS
GAS LIQUEFEITO,Imp,08/02/2025 13:42:00,LIQUIDO A GRANEL,0,PORTO_DE_SANTOS
GRAN.LIQUIDO NAO ESPECIF,Imp,14/02/2025 02:30:00,LIQUIDO A GRANEL,0,PORTO_DE_SANTOS
OLEO DIESEL,Exp,15/02/2025 15:30:00,LIQUIDO A GRANEL,0,PORTO_DE_SANTOS
OLEO VEGETAL,Exp,16/02/2025 03:00:00,LIQUIDO A GRANEL,0,PORTO_DE_SANTOS
OLEO COMBUSTIVEL,Exp,16/02/2025 09:00:00,LIQUIDO A GRANEL,0,PORTO_DE_SANTOS
OLEO DIESEL,Exp,17/02/2025,LIQUIDO A GRANEL,0,PORTO_DE_SANTOS
OLEO DIESEL,Exp,17/02/2025,LIQUIDO A GRANEL,0,PORTO_DE_SANTOS
OLEO COMBUSTIVEL,Exp,17/02/2025,LIQUIDO A GRANEL,0,PORTO_DE_SANTOS
OLEO DIESEL,Exp,17/02/2025,LIQUIDO A GRANEL,0,PORTO_DE_SANTOS
OLEO DIESEL,Exp,17/02/2025,LIQUIDO A GRANEL,0,PORTO_DE_SANTOS
OLEO DIESEL,Exp,17/02/2025,LIQUIDO A GRANEL,0,PORTO_DE_SANTOS
OLEO DIESEL,Exp,17/02/2025,LIQUIDO A GRANEL,0,PORTO_DE_SANTOS
OLEO DIESEL,Exp,17/02/2025,LIQUIDO A GRANEL,0,PORTO_DE_SANTOS
OLEO DIESEL,Exp,17/02/2025,LIQUIDO A GRANEL,0,PORTO_DE_SANTOS
OLEO COMBUSTIVEL,Exp,17/02/2025,LIQUIDO A GRANEL,0,PORTO_DE_SANTOS
GASOLINA COMUM,Exp,17/02/2025,LIQUIDO A GRANEL,0,PORTO_DE_SANTOS
OLEO DIESEL,Exp,17/02/2025 04:00:00,LIQUIDO A GRANEL,0,PORTO_DE_SANTOS
GRAN.LIQUIDO NAO ESPECIF,Imp,17/02/2025 16:00:00,LIQUIDO A GRANEL,0,PORTO_DE_SANTOS
GRAN.LIQUIDO NAO ESPECIF,Imp,18/02/2025,LIQUIDO A GRANEL,0,PORTO_DE_SANTOS
OLEO DIESEL,Imp,18/02/2025 05:00:00,LIQUIDO A GRANEL,0,PORTO_DE_SANTOS
SODA CAUSTICA,Imp,18/02/2025 13:00:00,LIQUIDO A GRANEL,0,PORTO_DE_SANTOS
OLEO DIESEL,Imp,19/02/2025 05:00:00,LIQUIDO A GRANEL,0,PORTO_DE_SANTOS
GRAN.LIQUIDO NAO ESPECIF,Imp,19/02/2025 07:00:00,LIQUIDO A GRANEL,0,PORTO_DE_SANTOS
ETHANOL,Exp,19/02/2025 07:00:00,LIQUIDO A GRANEL,0,PORTO_DE_SANTOS
OLEO COMBUSTIVEL,Exp,19/02/2025 11:48:00,LIQUIDO A GRANEL,0,PORTO_DE_SANTOS
GRAN.LIQUIDO NAO ESPECIF GRAN.LIQUIDO NAO ESPECIF,Imp/Exp,20/02/2025,LIQUIDO A GRANEL,0,PORTO_DE_SANTOS
GRAN.LIQUIDO NAO ESPECIF,Exp,20/02/2025,LIQUIDO A GRANEL,0,PORTO_DE_SANTOS
GRAN.LIQUIDO NAO ESPECIF,Exp,20/02/2025 06:00:00,LIQUIDO A GRANEL,0,PORTO_DE_SANTOS
GRAN.LIQUIDO NAO ESPECIF,Imp,22/02/2025 06:00:00,LIQUIDO A GRANEL,0,PORTO_DE_SANTOS
GAS LIQUEFEITO,Imp,27/02/2025 16:18:00,LIQUIDO A GRANEL,0,PORTO_DE_SANTOS
ACUCAR,Exp,15/02/2025 19:42:00,PRIORIDADE C3,0,PORTO_DE_SANTOS
ACUCAR,Exp,19/02/2025 18:00:00,PRIORIDADE C3,0,PORTO_DE_SANTOS
OUTROS,Exp,17/01/2025 05:48:00,PRIORIDADE C5,0,PORTO_DE_SANTOS
OUTROS,Exp,17/02/2025,PRIORIDADE C5,0,PORTO_DE_SANTOS
PAPEL E CELULOSE,Exp,17/02/2025,PRIORIDADE C5,0,PORTO_DE_SANTOS
OUTROS,Exp,17/02/2025,PRIORIDADE C5,0,PORTO_DE_SANTOS
OUTROS,Exp,17/02/2025,PRIORIDADE C5,0,PORTO_DE_SANTOS
PAPEL E CELULOSE,Exp,17/02/2025,PRIORIDADE C5,0,PORTO_DE_SANTOS
VEICULO VEICULO,Imp/Exp,17/02/2025 02:12:00,ROLL-IN-ROLL-OFF,0,PORTO_DE_SANTOS
VEICULO,Exp,17/02/2025 02:24:00,ROLL-IN-ROLL-OFF,0,PORTO_DE_SANTOS
VEICULOS/VRS/CCS.RO-RO VEICULOS/VRS/CCS.RO-RO,Imp/Exp,17/02/2025 02:42:00,ROLL-IN-ROLL-OFF,0,PORTO_DE_SANTOS
VEICULOS/VRS/CCS.RO-RO,Exp,18/02/2025 01:00:00,ROLL-IN-ROLL-OFF,0,PORTO_DE_SANTOS
CONTEINERES CHEIOS CONTEINERES CHEIOS,Imp/Exp,19/02/2025,ROLL-IN-ROLL-OFF,0,PORTO_DE_SANTOS
CONTEINERES CHEIOS CONTEINERES CHEIOS,Imp/Exp,19/02/2025,ROLL-IN-ROLL-OFF,0,PORTO_DE_SANTOS
VEICULOS/VRS/CCS.RO-RO VEICULOS/VRS/CCS.RO-RO,Imp/Exp,21/02/2025 01:00:00,ROLL-IN-ROLL-OFF,0,PORTO_DE_SANTOS
VEICULOS/VRS/CCS.RO-RO VEICULOS/VRS/CCS.RO-RO,Imp/Exp,21/02/2025 01:00:00,ROLL-IN-ROLL-OFF,0,PORTO_DE_SANTOS
VEICULO,Exp,23/02/2025,ROLL-IN-ROLL-OFF,0,PORTO_DE_SANTOS
VEICULO VEICULO,Imp/Exp,23/02/2025,ROLL-IN-ROLL-OFF,0,PORTO_DE_SANTOS
VEICULO,Exp,24/02/2025,ROLL-IN-ROLL-OFF,0,PORTO_DE_SANTOS
CONTEINERES CHEIOS CONTEINERES CHEIOS,Imp/Exp,02/03/2025,ROLL-IN-ROLL-OFF,0,PORTO_DE_SANTOS
VEICULO,Exp,06/03/2025,ROLL-IN-ROLL-OFF,0,PORTO_DE_SANTOS
VEICULO,Exp,12/03/2025,ROLL-IN-ROLL-OFF,0,PORTO_DE_SANTOS
VEICULO,Exp,12/03/2025,ROLL-IN-ROLL-OFF,0,PORTO_DE_SANTOS
PAPEL E CELULOSE,Exp,06/02/2025 00:29:00,SEM PRIORIDADE,0,PORTO_DE_SANTOS
CARGA GERAL,Exp,17/02/2025,SEM PRIORIDADE,0,PORTO_DE_SANTOS
CARGA GERAL,Exp,17/02/2025,SEM PRIORIDADE,0,PORTO_DE_SANTOS
CARGA GERAL,Exp,17/02/2025,SEM PRIORIDADE,0,PORTO_DE_SANTOS
CARGA GERAL,Exp,17/02/2025,SEM PRIORIDADE,0,PORTO_DE_SANTOS
CONSUMO DE BORDO,Exp,17/02/2025,SEM PRIORIDADE,0,PORTO_DE_SANTOS
VEICULO VEICULO,Imp/Exp,17/02/2025,SEM PRIORIDADE,0,PORTO_DE_SANTOS
PAPEL E CELULOSE,Exp,17/02/2025,SEM PRIORIDADE,0,PORTO_DE_SANTOS
GRAN.LIQUIDO NAO ESPECIF,Exp,17/02/2025,SEM PRIORIDADE,0,PORTO_DE_SANTOS
CARGA GERAL,Exp,17/02/2025,SEM PRIORIDADE,0,PORTO_DE_SANTOS
CARGA GERAL,Exp,17/02/2025,SEM PRIORIDADE,0,PORTO_DE_SANTOS
CARGA GERAL,Exp,17/02/2025,SEM PRIORIDADE,0,PORTO_DE_SANTOS
CARGA GERAL,Exp,17/02/2025,SEM PRIORIDADE,0,PORTO_DE_SANTOS
CARGA GERAL,Exp,17/02/2025,SEM PRIORIDADE,0,PORTO_DE_SANTOS
CARGA GERAL,Exp,17/02/2025 06:00:00,SEM PRIORIDADE,0,PORTO_DE_SANTOS
PAPEL E CELULOSE,Exp,18/02/2025 06:00:00,SEM PRIORIDADE,0,PORTO_DE_SANTOS
PRODUTOS SIDERURGICOS PRODUTOS SIDERURGICOS,Imp/Exp,20/02/2025,SEM PRIORIDADE,0,PORTO_DE_SANTOS
CARGA GERAL,Exp,20/02/2025 06:00:00,SEM PRIORIDADE,0,PORTO_DE_SANTOS
CARGA GERAL,Imp,20/02/2025 07:00:00,SEM PRIORIDADE,0,PORTO_DE_SANTOS
SUCOS CITRICOS A GRANEL,Exp,22/02/2025 08:00:00,SEM PRIORIDADE,0,PORTO_DE_SANTOS
GRAN.LIQUIDO NAO ESPECIF,Exp,23/02/2025 07:00:00,SEM PRIORIDADE,0,PORTO_DE_SANTOS
OLEO VEGETAL,Imp,23/02/2025 18:00:00,SEM PRIORIDADE,0,PORTO_DE_SANTOS
PAPEL E CELULOSE,Exp,27/02/2025 07:00:00,SEM PRIORIDADE,0,PORTO_DE_SANTOS
